,sourceId,referenceTime,elementId,value,unit,timeOffset,timeResolution,month,year,season
0,SN90450:0,1924-10-01 00:00:00+00:00,mean(air_temperature P1M),5.6,degC,PT0H,P1M,October,1924,1924/1925
1,SN90450:0,1924-11-01 00:00:00+00:00,mean(air_temperature P1M),0.1,degC,PT0H,P1M,November,1924,1924/1925
2,SN90450:0,1924-12-01 00:00:00+00:00,mean(air_temperature P1M),-0.6,degC,PT0H,P1M,December,1924,1924/1925
3,SN90450:0,1925-01-01 00:00:00+00:00,mean(air_temperature P1M),0.4,degC,PT0H,P1M,January,1925,1924/1925
4,SN90450:0,1925-02-01 00:00:00+00:00,mean(air_temperature P1M),-2.9,degC,PT0H,P1M,February,1925,1924/1925
5,SN90450:0,1925-03-01 00:00:00+00:00,mean(air_temperature P1M),-4.9,degC,PT0H,P1M,March,1925,1924/1925
6,SN90450:0,1925-04-01 00:00:00+00:00,mean(air_temperature P1M),1.3,degC,PT0H,P1M,April,1925,1924/1925
7,SN90450:0,1925-05-01 00:00:00+00:00,mean(air_temperature P1M),4.2,degC,PT0H,P1M,May,1925,1924/1925
8,SN90450:0,1925-10-01 00:00:00+00:00,mean(air_temperature P1M),0.1,degC,PT0H,P1M,October,1925,1925/1926
9,SN90450:0,1925-11-01 00:00:00+00:00,mean(air_temperature P1M),-2.7,degC,PT0H,P1M,November,1925,1925/1926
10,SN90450:0,1925-12-01 00:00:00+00:00,mean(air_temperature P1M),-4.7,degC,PT0H,P1M,December,1925,1925/1926
11,SN90450:0,1926-01-01 00:00:00+00:00,mean(air_temperature P1M),-3.8,degC,PT0H,P1M,January,1926,1925/1926
12,SN90450:0,1926-02-01 00:00:00+00:00,mean(air_temperature P1M),-3.8,degC,PT0H,P1M,February,1926,1925/1926
13,SN90450:0,1926-03-01 00:00:00+00:00,mean(air_temperature P1M),-1.8,degC,PT0H,P1M,March,1926,1925/1926
14,SN90450:0,1926-04-01 00:00:00+00:00,mean(air_temperature P1M),-0.1,degC,PT0H,P1M,April,1926,1925/1926
15,SN90450:0,1926-05-01 00:00:00+00:00,mean(air_temperature P1M),3.0,degC,PT0H,P1M,May,1926,1925/1926
16,SN90450:0,1926-10-01 00:00:00+00:00,mean(air_temperature P1M),-1.2,degC,PT0H,P1M,October,1926,1926/1927
17,SN90450:0,1926-11-01 00:00:00+00:00,mean(air_temperature P1M),-0.5,degC,PT0H,P1M,November,1926,1926/1927
18,SN90450:0,1926-12-01 00:00:00+00:00,mean(air_temperature P1M),-4.8,degC,PT0H,P1M,December,1926,1926/1927
19,SN90450:0,1927-01-01 00:00:00+00:00,mean(air_temperature P1M),-5.3,degC,PT0H,P1M,January,1927,1926/1927
20,SN90450:0,1927-02-01 00:00:00+00:00,mean(air_temperature P1M),-2.5,degC,PT0H,P1M,February,1927,1926/1927
21,SN90450:0,1927-03-01 00:00:00+00:00,mean(air_temperature P1M),-3.0,degC,PT0H,P1M,March,1927,1926/1927
22,SN90450:0,1927-04-01 00:00:00+00:00,mean(air_temperature P1M),-1.0,degC,PT0H,P1M,April,1927,1926/1927
23,SN90450:0,1927-05-01 00:00:00+00:00,mean(air_temperature P1M),2.4,degC,PT0H,P1M,May,1927,1926/1927
24,SN90450:0,1927-10-01 00:00:00+00:00,mean(air_temperature P1M),0.5,degC,PT0H,P1M,October,1927,1927/1928
25,SN90450:0,1927-11-01 00:00:00+00:00,mean(air_temperature P1M),-1.6,degC,PT0H,P1M,November,1927,1927/1928
26,SN90450:0,1927-12-01 00:00:00+00:00,mean(air_temperature P1M),-2.5,degC,PT0H,P1M,December,1927,1927/1928
27,SN90450:0,1928-01-01 00:00:00+00:00,mean(air_temperature P1M),-2.1,degC,PT0H,P1M,January,1928,1927/1928
28,SN90450:0,1928-02-01 00:00:00+00:00,mean(air_temperature P1M),-1.5,degC,PT0H,P1M,February,1928,1927/1928
29,SN90450:0,1928-03-01 00:00:00+00:00,mean(air_temperature P1M),-1.3,degC,PT0H,P1M,March,1928,1927/1928
30,SN90450:0,1928-04-01 00:00:00+00:00,mean(air_temperature P1M),0.4,degC,PT0H,P1M,April,1928,1927/1928
31,SN90450:0,1928-05-01 00:00:00+00:00,mean(air_temperature P1M),3.3,degC,PT0H,P1M,May,1928,1927/1928
32,SN90450:0,1928-10-01 00:00:00+00:00,mean(air_temperature P1M),1.1,degC,PT0H,P1M,October,1928,1928/1929
33,SN90450:0,1928-11-01 00:00:00+00:00,mean(air_temperature P1M),-1.6,degC,PT0H,P1M,November,1928,1928/1929
34,SN90450:0,1928-12-01 00:00:00+00:00,mean(air_temperature P1M),-1.9,degC,PT0H,P1M,December,1928,1928/1929
35,SN90450:0,1929-01-01 00:00:00+00:00,mean(air_temperature P1M),-4.0,degC,PT0H,P1M,January,1929,1928/1929
36,SN90450:0,1929-02-01 00:00:00+00:00,mean(air_temperature P1M),-2.6,degC,PT0H,P1M,February,1929,1928/1929
37,SN90450:0,1929-03-01 00:00:00+00:00,mean(air_temperature P1M),-2.6,degC,PT0H,P1M,March,1929,1928/1929
38,SN90450:0,1929-04-01 00:00:00+00:00,mean(air_temperature P1M),-3.2,degC,PT0H,P1M,April,1929,1928/1929
39,SN90450:0,1929-05-01 00:00:00+00:00,mean(air_temperature P1M),4.9,degC,PT0H,P1M,May,1929,1928/1929
40,SN90450:0,1929-10-01 00:00:00+00:00,mean(air_temperature P1M),2.2,degC,PT0H,P1M,October,1929,1929/1930
41,SN90450:0,1929-11-01 00:00:00+00:00,mean(air_temperature P1M),1.4,degC,PT0H,P1M,November,1929,1929/1930
42,SN90450:0,1929-12-01 00:00:00+00:00,mean(air_temperature P1M),1.5,degC,PT0H,P1M,December,1929,1929/1930
43,SN90450:0,1930-01-01 00:00:00+00:00,mean(air_temperature P1M),-1.0,degC,PT0H,P1M,January,1930,1929/1930
44,SN90450:0,1930-02-01 00:00:00+00:00,mean(air_temperature P1M),-1.5,degC,PT0H,P1M,February,1930,1929/1930
45,SN90450:0,1930-03-01 00:00:00+00:00,mean(air_temperature P1M),-3.3,degC,PT0H,P1M,March,1930,1929/1930
46,SN90450:0,1930-04-01 00:00:00+00:00,mean(air_temperature P1M),2.2,degC,PT0H,P1M,April,1930,1929/1930
47,SN90450:0,1930-05-01 00:00:00+00:00,mean(air_temperature P1M),5.9,degC,PT0H,P1M,May,1930,1929/1930
48,SN90450:0,1930-10-01 00:00:00+00:00,mean(air_temperature P1M),2.7,degC,PT0H,P1M,October,1930,1930/1931
49,SN90450:0,1930-11-01 00:00:00+00:00,mean(air_temperature P1M),-1.0,degC,PT0H,P1M,November,1930,1930/1931
50,SN90450:0,1930-12-01 00:00:00+00:00,mean(air_temperature P1M),-0.7,degC,PT0H,P1M,December,1930,1930/1931
51,SN90450:0,1931-01-01 00:00:00+00:00,mean(air_temperature P1M),-3.5,degC,PT0H,P1M,January,1931,1930/1931
52,SN90450:0,1931-02-01 00:00:00+00:00,mean(air_temperature P1M),-2.8,degC,PT0H,P1M,February,1931,1930/1931
53,SN90450:0,1931-03-01 00:00:00+00:00,mean(air_temperature P1M),-3.7,degC,PT0H,P1M,March,1931,1930/1931
54,SN90450:0,1931-04-01 00:00:00+00:00,mean(air_temperature P1M),1.0,degC,PT0H,P1M,April,1931,1930/1931
55,SN90450:0,1931-05-01 00:00:00+00:00,mean(air_temperature P1M),4.0,degC,PT0H,P1M,May,1931,1930/1931
56,SN90450:0,1931-10-01 00:00:00+00:00,mean(air_temperature P1M),1.7,degC,PT0H,P1M,October,1931,1931/1932
57,SN90450:0,1931-11-01 00:00:00+00:00,mean(air_temperature P1M),2.1,degC,PT0H,P1M,November,1931,1931/1932
58,SN90450:0,1931-12-01 00:00:00+00:00,mean(air_temperature P1M),-0.4,degC,PT0H,P1M,December,1931,1931/1932
59,SN90450:0,1932-01-01 00:00:00+00:00,mean(air_temperature P1M),-1.6,degC,PT0H,P1M,January,1932,1931/1932
60,SN90450:0,1932-02-01 00:00:00+00:00,mean(air_temperature P1M),-2.0,degC,PT0H,P1M,February,1932,1931/1932
61,SN90450:0,1932-03-01 00:00:00+00:00,mean(air_temperature P1M),-2.8,degC,PT0H,P1M,March,1932,1931/1932
62,SN90450:0,1932-04-01 00:00:00+00:00,mean(air_temperature P1M),-0.2,degC,PT0H,P1M,April,1932,1931/1932
63,SN90450:0,1932-05-01 00:00:00+00:00,mean(air_temperature P1M),2.3,degC,PT0H,P1M,May,1932,1931/1932
64,SN90450:0,1932-10-01 00:00:00+00:00,mean(air_temperature P1M),1.0,degC,PT0H,P1M,October,1932,1932/1933
65,SN90450:0,1932-11-01 00:00:00+00:00,mean(air_temperature P1M),0.1,degC,PT0H,P1M,November,1932,1932/1933
66,SN90450:0,1932-12-01 00:00:00+00:00,mean(air_temperature P1M),1.5,degC,PT0H,P1M,December,1932,1932/1933
67,SN90450:0,1933-01-01 00:00:00+00:00,mean(air_temperature P1M),-0.2,degC,PT0H,P1M,January,1933,1932/1933
68,SN90450:0,1933-02-01 00:00:00+00:00,mean(air_temperature P1M),-5.3,degC,PT0H,P1M,February,1933,1932/1933
69,SN90450:0,1933-03-01 00:00:00+00:00,mean(air_temperature P1M),-3.2,degC,PT0H,P1M,March,1933,1932/1933
70,SN90450:0,1933-04-01 00:00:00+00:00,mean(air_temperature P1M),-1.8,degC,PT0H,P1M,April,1933,1932/1933
71,SN90450:0,1933-05-01 00:00:00+00:00,mean(air_temperature P1M),3.1,degC,PT0H,P1M,May,1933,1932/1933
72,SN90450:0,1933-10-01 00:00:00+00:00,mean(air_temperature P1M),3.2,degC,PT0H,P1M,October,1933,1933/1934
73,SN90450:0,1933-11-01 00:00:00+00:00,mean(air_temperature P1M),-0.1,degC,PT0H,P1M,November,1933,1933/1934
74,SN90450:0,1933-12-01 00:00:00+00:00,mean(air_temperature P1M),-1.5,degC,PT0H,P1M,December,1933,1933/1934
75,SN90450:0,1934-01-01 00:00:00+00:00,mean(air_temperature P1M),0.1,degC,PT0H,P1M,January,1934,1933/1934
76,SN90450:0,1934-02-01 00:00:00+00:00,mean(air_temperature P1M),-3.6,degC,PT0H,P1M,February,1934,1933/1934
77,SN90450:0,1934-03-01 00:00:00+00:00,mean(air_temperature P1M),-1.1,degC,PT0H,P1M,March,1934,1933/1934
78,SN90450:0,1934-04-01 00:00:00+00:00,mean(air_temperature P1M),-0.7,degC,PT0H,P1M,April,1934,1933/1934
79,SN90450:0,1934-05-01 00:00:00+00:00,mean(air_temperature P1M),5.2,degC,PT0H,P1M,May,1934,1933/1934
80,SN90450:0,1934-10-01 00:00:00+00:00,mean(air_temperature P1M),3.6,degC,PT0H,P1M,October,1934,1934/1935
81,SN90450:0,1934-11-01 00:00:00+00:00,mean(air_temperature P1M),0.6,degC,PT0H,P1M,November,1934,1934/1935
82,SN90450:0,1934-12-01 00:00:00+00:00,mean(air_temperature P1M),-0.9,degC,PT0H,P1M,December,1934,1934/1935
83,SN90450:0,1935-01-01 00:00:00+00:00,mean(air_temperature P1M),-2.4,degC,PT0H,P1M,January,1935,1934/1935
84,SN90450:0,1935-02-01 00:00:00+00:00,mean(air_temperature P1M),-3.0,degC,PT0H,P1M,February,1935,1934/1935
85,SN90450:0,1935-03-01 00:00:00+00:00,mean(air_temperature P1M),-1.5,degC,PT0H,P1M,March,1935,1934/1935
86,SN90450:0,1935-04-01 00:00:00+00:00,mean(air_temperature P1M),0.8,degC,PT0H,P1M,April,1935,1934/1935
87,SN90450:0,1935-05-01 00:00:00+00:00,mean(air_temperature P1M),1.5,degC,PT0H,P1M,May,1935,1934/1935
88,SN90450:0,1935-10-01 00:00:00+00:00,mean(air_temperature P1M),3.0,degC,PT0H,P1M,October,1935,1935/1936
89,SN90450:0,1935-11-01 00:00:00+00:00,mean(air_temperature P1M),1.1,degC,PT0H,P1M,November,1935,1935/1936
90,SN90450:0,1935-12-01 00:00:00+00:00,mean(air_temperature P1M),-1.0,degC,PT0H,P1M,December,1935,1935/1936
91,SN90450:0,1936-01-01 00:00:00+00:00,mean(air_temperature P1M),-5.1,degC,PT0H,P1M,January,1936,1935/1936
92,SN90450:0,1936-02-01 00:00:00+00:00,mean(air_temperature P1M),-6.9,degC,PT0H,P1M,February,1936,1935/1936
93,SN90450:0,1936-03-01 00:00:00+00:00,mean(air_temperature P1M),-3.1,degC,PT0H,P1M,March,1936,1935/1936
94,SN90450:0,1936-04-01 00:00:00+00:00,mean(air_temperature P1M),0.0,degC,PT0H,P1M,April,1936,1935/1936
95,SN90450:0,1936-05-01 00:00:00+00:00,mean(air_temperature P1M),5.8,degC,PT0H,P1M,May,1936,1935/1936
96,SN90450:0,1936-10-01 00:00:00+00:00,mean(air_temperature P1M),2.2,degC,PT0H,P1M,October,1936,1936/1937
97,SN90450:0,1936-11-01 00:00:00+00:00,mean(air_temperature P1M),1.5,degC,PT0H,P1M,November,1936,1936/1937
98,SN90450:0,1936-12-01 00:00:00+00:00,mean(air_temperature P1M),0.2,degC,PT0H,P1M,December,1936,1936/1937
99,SN90450:0,1937-01-01 00:00:00+00:00,mean(air_temperature P1M),-1.3,degC,PT0H,P1M,January,1937,1936/1937
100,SN90450:0,1937-02-01 00:00:00+00:00,mean(air_temperature P1M),-5.2,degC,PT0H,P1M,February,1937,1936/1937
101,SN90450:0,1937-03-01 00:00:00+00:00,mean(air_temperature P1M),-3.8,degC,PT0H,P1M,March,1937,1936/1937
102,SN90450:0,1937-04-01 00:00:00+00:00,mean(air_temperature P1M),3.7,degC,PT0H,P1M,April,1937,1936/1937
103,SN90450:0,1937-05-01 00:00:00+00:00,mean(air_temperature P1M),6.0,degC,PT0H,P1M,May,1937,1936/1937
104,SN90450:0,1937-10-01 00:00:00+00:00,mean(air_temperature P1M),4.8,degC,PT0H,P1M,October,1937,1937/1938
105,SN90450:0,1937-11-01 00:00:00+00:00,mean(air_temperature P1M),-0.1,degC,PT0H,P1M,November,1937,1937/1938
106,SN90450:0,1937-12-01 00:00:00+00:00,mean(air_temperature P1M),-3.5,degC,PT0H,P1M,December,1937,1937/1938
107,SN90450:0,1938-01-01 00:00:00+00:00,mean(air_temperature P1M),-2.0,degC,PT0H,P1M,January,1938,1937/1938
108,SN90450:0,1938-02-01 00:00:00+00:00,mean(air_temperature P1M),-0.2,degC,PT0H,P1M,February,1938,1937/1938
109,SN90450:0,1938-03-01 00:00:00+00:00,mean(air_temperature P1M),-2.2,degC,PT0H,P1M,March,1938,1937/1938
110,SN90450:0,1938-04-01 00:00:00+00:00,mean(air_temperature P1M),0.2,degC,PT0H,P1M,April,1938,1937/1938
111,SN90450:0,1938-05-01 00:00:00+00:00,mean(air_temperature P1M),3.9,degC,PT0H,P1M,May,1938,1937/1938
112,SN90450:0,1938-10-01 00:00:00+00:00,mean(air_temperature P1M),6.8,degC,PT0H,P1M,October,1938,1938/1939
113,SN90450:0,1938-11-01 00:00:00+00:00,mean(air_temperature P1M),2.1,degC,PT0H,P1M,November,1938,1938/1939
114,SN90450:0,1938-12-01 00:00:00+00:00,mean(air_temperature P1M),-0.1,degC,PT0H,P1M,December,1938,1938/1939
115,SN90450:0,1939-01-01 00:00:00+00:00,mean(air_temperature P1M),-4.5,degC,PT0H,P1M,January,1939,1938/1939
116,SN90450:0,1939-02-01 00:00:00+00:00,mean(air_temperature P1M),-2.2,degC,PT0H,P1M,February,1939,1938/1939
117,SN90450:0,1939-03-01 00:00:00+00:00,mean(air_temperature P1M),-1.8,degC,PT0H,P1M,March,1939,1938/1939
118,SN90450:0,1939-04-01 00:00:00+00:00,mean(air_temperature P1M),-1.0,degC,PT0H,P1M,April,1939,1938/1939
119,SN90450:0,1939-05-01 00:00:00+00:00,mean(air_temperature P1M),2.9,degC,PT0H,P1M,May,1939,1938/1939
120,SN90450:0,1939-10-01 00:00:00+00:00,mean(air_temperature P1M),2.6,degC,PT0H,P1M,October,1939,1939/1940
121,SN90450:0,1939-11-01 00:00:00+00:00,mean(air_temperature P1M),1.1,degC,PT0H,P1M,November,1939,1939/1940
122,SN90450:0,1939-12-01 00:00:00+00:00,mean(air_temperature P1M),-3.4,degC,PT0H,P1M,December,1939,1939/1940
123,SN90450:0,1940-01-01 00:00:00+00:00,mean(air_temperature P1M),-3.5,degC,PT0H,P1M,January,1940,1939/1940
124,SN90450:0,1940-02-01 00:00:00+00:00,mean(air_temperature P1M),-5.7,degC,PT0H,P1M,February,1940,1939/1940
125,SN90450:0,1940-03-01 00:00:00+00:00,mean(air_temperature P1M),-5.5,degC,PT0H,P1M,March,1940,1939/1940
126,SN90450:0,1940-04-01 00:00:00+00:00,mean(air_temperature P1M),-1.5,degC,PT0H,P1M,April,1940,1939/1940
127,SN90450:0,1940-05-01 00:00:00+00:00,mean(air_temperature P1M),7.4,degC,PT0H,P1M,May,1940,1939/1940
128,SN90450:0,1940-10-01 00:00:00+00:00,mean(air_temperature P1M),4.1,degC,PT0H,P1M,October,1940,1940/1941
129,SN90450:0,1940-11-01 00:00:00+00:00,mean(air_temperature P1M),-1.7,degC,PT0H,P1M,November,1940,1940/1941
130,SN90450:0,1940-12-01 00:00:00+00:00,mean(air_temperature P1M),-2.4,degC,PT0H,P1M,December,1940,1940/1941
131,SN90450:0,1941-01-01 00:00:00+00:00,mean(air_temperature P1M),-5.6,degC,PT0H,P1M,January,1941,1940/1941
132,SN90450:0,1941-02-01 00:00:00+00:00,mean(air_temperature P1M),-5.9,degC,PT0H,P1M,February,1941,1940/1941
133,SN90450:0,1941-03-01 00:00:00+00:00,mean(air_temperature P1M),-4.2,degC,PT0H,P1M,March,1941,1940/1941
134,SN90450:0,1941-04-01 00:00:00+00:00,mean(air_temperature P1M),-1.4,degC,PT0H,P1M,April,1941,1940/1941
135,SN90450:0,1941-05-01 00:00:00+00:00,mean(air_temperature P1M),2.0,degC,PT0H,P1M,May,1941,1940/1941
136,SN90450:0,1941-10-01 00:00:00+00:00,mean(air_temperature P1M),0.8,degC,PT0H,P1M,October,1941,1941/1942
137,SN90450:0,1941-11-01 00:00:00+00:00,mean(air_temperature P1M),0.2,degC,PT0H,P1M,November,1941,1941/1942
138,SN90450:0,1941-12-01 00:00:00+00:00,mean(air_temperature P1M),-4.5,degC,PT0H,P1M,December,1941,1941/1942
139,SN90450:0,1942-01-01 00:00:00+00:00,mean(air_temperature P1M),-5.2,degC,PT0H,P1M,January,1942,1941/1942
140,SN90450:0,1942-02-01 00:00:00+00:00,mean(air_temperature P1M),-4.4,degC,PT0H,P1M,February,1942,1941/1942
141,SN90450:0,1942-03-01 00:00:00+00:00,mean(air_temperature P1M),-5.8,degC,PT0H,P1M,March,1942,1941/1942
142,SN90450:0,1942-04-01 00:00:00+00:00,mean(air_temperature P1M),-0.3,degC,PT0H,P1M,April,1942,1941/1942
143,SN90450:0,1942-05-01 00:00:00+00:00,mean(air_temperature P1M),2.1,degC,PT0H,P1M,May,1942,1941/1942
144,SN90450:0,1942-10-01 00:00:00+00:00,mean(air_temperature P1M),2.1,degC,PT0H,P1M,October,1942,1942/1943
145,SN90450:0,1942-11-01 00:00:00+00:00,mean(air_temperature P1M),-0.9,degC,PT0H,P1M,November,1942,1942/1943
146,SN90450:0,1942-12-01 00:00:00+00:00,mean(air_temperature P1M),-2.5,degC,PT0H,P1M,December,1942,1942/1943
147,SN90450:0,1943-01-01 00:00:00+00:00,mean(air_temperature P1M),-5.4,degC,PT0H,P1M,January,1943,1942/1943
148,SN90450:0,1943-02-01 00:00:00+00:00,mean(air_temperature P1M),-3.0,degC,PT0H,P1M,February,1943,1942/1943
149,SN90450:0,1943-03-01 00:00:00+00:00,mean(air_temperature P1M),-0.7,degC,PT0H,P1M,March,1943,1942/1943
150,SN90450:0,1943-04-01 00:00:00+00:00,mean(air_temperature P1M),-0.1,degC,PT0H,P1M,April,1943,1942/1943
151,SN90450:0,1943-05-01 00:00:00+00:00,mean(air_temperature P1M),3.5,degC,PT0H,P1M,May,1943,1942/1943
152,SN90450:0,1943-10-01 00:00:00+00:00,mean(air_temperature P1M),3.6,degC,PT0H,P1M,October,1943,1943/1944
153,SN90450:0,1943-11-01 00:00:00+00:00,mean(air_temperature P1M),0.6,degC,PT0H,P1M,November,1943,1943/1944
154,SN90450:0,1943-12-01 00:00:00+00:00,mean(air_temperature P1M),0.0,degC,PT0H,P1M,December,1943,1943/1944
155,SN90450:0,1944-01-01 00:00:00+00:00,mean(air_temperature P1M),-2.2,degC,PT0H,P1M,January,1944,1943/1944
156,SN90450:0,1944-02-01 00:00:00+00:00,mean(air_temperature P1M),-0.9,degC,PT0H,P1M,February,1944,1943/1944
157,SN90450:0,1944-03-01 00:00:00+00:00,mean(air_temperature P1M),-2.2,degC,PT0H,P1M,March,1944,1943/1944
158,SN90450:0,1944-04-01 00:00:00+00:00,mean(air_temperature P1M),-1.3,degC,PT0H,P1M,April,1944,1943/1944
159,SN90450:0,1944-05-01 00:00:00+00:00,mean(air_temperature P1M),3.3,degC,PT0H,P1M,May,1944,1943/1944
160,SN90450:0,1944-10-01 00:00:00+00:00,mean(air_temperature P1M),5.5,degC,PT0H,P1M,October,1944,1944/1945
161,SN90450:0,1944-11-01 00:00:00+00:00,mean(air_temperature P1M),0.6,degC,PT0H,P1M,November,1944,1944/1945
162,SN90450:0,1944-12-01 00:00:00+00:00,mean(air_temperature P1M),0.4,degC,PT0H,P1M,December,1944,1944/1945
163,SN90450:0,1945-01-01 00:00:00+00:00,mean(air_temperature P1M),-4.2,degC,PT0H,P1M,January,1945,1944/1945
164,SN90450:0,1945-02-01 00:00:00+00:00,mean(air_temperature P1M),-2.3,degC,PT0H,P1M,February,1945,1944/1945
165,SN90450:0,1945-03-01 00:00:00+00:00,mean(air_temperature P1M),-2.3,degC,PT0H,P1M,March,1945,1944/1945
166,SN90450:0,1945-04-01 00:00:00+00:00,mean(air_temperature P1M),1.4,degC,PT0H,P1M,April,1945,1944/1945
167,SN90450:0,1945-05-01 00:00:00+00:00,mean(air_temperature P1M),3.7,degC,PT0H,P1M,May,1945,1944/1945
168,SN90450:0,1945-10-01 00:00:00+00:00,mean(air_temperature P1M),0.2,degC,PT0H,P1M,October,1945,1945/1946
169,SN90450:0,1945-11-01 00:00:00+00:00,mean(air_temperature P1M),-0.4,degC,PT0H,P1M,November,1945,1945/1946
170,SN90450:0,1945-12-01 00:00:00+00:00,mean(air_temperature P1M),-3.0,degC,PT0H,P1M,December,1945,1945/1946
171,SN90450:0,1946-01-01 00:00:00+00:00,mean(air_temperature P1M),-1.3,degC,PT0H,P1M,January,1946,1945/1946
172,SN90450:0,1946-02-01 00:00:00+00:00,mean(air_temperature P1M),-7.3,degC,PT0H,P1M,February,1946,1945/1946
173,SN90450:0,1946-03-01 00:00:00+00:00,mean(air_temperature P1M),-2.8,degC,PT0H,P1M,March,1946,1945/1946
174,SN90450:0,1946-04-01 00:00:00+00:00,mean(air_temperature P1M),0.7,degC,PT0H,P1M,April,1946,1945/1946
175,SN90450:0,1946-05-01 00:00:00+00:00,mean(air_temperature P1M),4.0,degC,PT0H,P1M,May,1946,1945/1946
176,SN90450:0,1946-10-01 00:00:00+00:00,mean(air_temperature P1M),3.0,degC,PT0H,P1M,October,1946,1946/1947
177,SN90450:0,1946-11-01 00:00:00+00:00,mean(air_temperature P1M),-1.6,degC,PT0H,P1M,November,1946,1946/1947
178,SN90450:0,1946-12-01 00:00:00+00:00,mean(air_temperature P1M),0.4,degC,PT0H,P1M,December,1946,1946/1947
179,SN90450:0,1947-01-01 00:00:00+00:00,mean(air_temperature P1M),-1.6,degC,PT0H,P1M,January,1947,1946/1947
180,SN90450:0,1947-02-01 00:00:00+00:00,mean(air_temperature P1M),-6.8,degC,PT0H,P1M,February,1947,1946/1947
181,SN90450:0,1947-03-01 00:00:00+00:00,mean(air_temperature P1M),-5.7,degC,PT0H,P1M,March,1947,1946/1947
182,SN90450:0,1947-04-01 00:00:00+00:00,mean(air_temperature P1M),0.0,degC,PT0H,P1M,April,1947,1946/1947
183,SN90450:0,1947-05-01 00:00:00+00:00,mean(air_temperature P1M),3.4,degC,PT0H,P1M,May,1947,1946/1947
184,SN90450:0,1947-10-01 00:00:00+00:00,mean(air_temperature P1M),2.4,degC,PT0H,P1M,October,1947,1947/1948
185,SN90450:0,1947-11-01 00:00:00+00:00,mean(air_temperature P1M),-2.8,degC,PT0H,P1M,November,1947,1947/1948
186,SN90450:0,1947-12-01 00:00:00+00:00,mean(air_temperature P1M),-3.4,degC,PT0H,P1M,December,1947,1947/1948
187,SN90450:0,1948-01-01 00:00:00+00:00,mean(air_temperature P1M),-6.1,degC,PT0H,P1M,January,1948,1947/1948
188,SN90450:0,1948-02-01 00:00:00+00:00,mean(air_temperature P1M),-2.2,degC,PT0H,P1M,February,1948,1947/1948
189,SN90450:0,1948-03-01 00:00:00+00:00,mean(air_temperature P1M),-1.6,degC,PT0H,P1M,March,1948,1947/1948
190,SN90450:0,1948-04-01 00:00:00+00:00,mean(air_temperature P1M),1.6,degC,PT0H,P1M,April,1948,1947/1948
191,SN90450:0,1948-05-01 00:00:00+00:00,mean(air_temperature P1M),5.1,degC,PT0H,P1M,May,1948,1947/1948
192,SN90450:0,1948-10-01 00:00:00+00:00,mean(air_temperature P1M),2.6,degC,PT0H,P1M,October,1948,1948/1949
193,SN90450:0,1948-11-01 00:00:00+00:00,mean(air_temperature P1M),0.2,degC,PT0H,P1M,November,1948,1948/1949
194,SN90450:0,1948-12-01 00:00:00+00:00,mean(air_temperature P1M),0.0,degC,PT0H,P1M,December,1948,1948/1949
195,SN90450:0,1949-01-01 00:00:00+00:00,mean(air_temperature P1M),-2.9,degC,PT0H,P1M,January,1949,1948/1949
196,SN90450:0,1949-02-01 00:00:00+00:00,mean(air_temperature P1M),-0.8,degC,PT0H,P1M,February,1949,1948/1949
197,SN90450:0,1949-03-01 00:00:00+00:00,mean(air_temperature P1M),-1.8,degC,PT0H,P1M,March,1949,1948/1949
198,SN90450:0,1949-04-01 00:00:00+00:00,mean(air_temperature P1M),0.2,degC,PT0H,P1M,April,1949,1948/1949
199,SN90450:0,1949-05-01 00:00:00+00:00,mean(air_temperature P1M),4.5,degC,PT0H,P1M,May,1949,1948/1949
200,SN90450:0,1949-10-01 00:00:00+00:00,mean(air_temperature P1M),1.8,degC,PT0H,P1M,October,1949,1949/1950
201,SN90450:0,1949-11-01 00:00:00+00:00,mean(air_temperature P1M),1.3,degC,PT0H,P1M,November,1949,1949/1950
202,SN90450:0,1949-12-01 00:00:00+00:00,mean(air_temperature P1M),-2.1,degC,PT0H,P1M,December,1949,1949/1950
203,SN90450:0,1950-01-01 00:00:00+00:00,mean(air_temperature P1M),-3.9,degC,PT0H,P1M,January,1950,1949/1950
204,SN90450:0,1950-02-01 00:00:00+00:00,mean(air_temperature P1M),-3.7,degC,PT0H,P1M,February,1950,1949/1950
205,SN90450:0,1950-03-01 00:00:00+00:00,mean(air_temperature P1M),-1.8,degC,PT0H,P1M,March,1950,1949/1950
206,SN90450:0,1950-04-01 00:00:00+00:00,mean(air_temperature P1M),2.8,degC,PT0H,P1M,April,1950,1949/1950
207,SN90450:0,1950-05-01 00:00:00+00:00,mean(air_temperature P1M),3.4,degC,PT0H,P1M,May,1950,1949/1950
208,SN90450:0,1950-10-01 00:00:00+00:00,mean(air_temperature P1M),5.4,degC,PT0H,P1M,October,1950,1950/1951
209,SN90450:0,1950-11-01 00:00:00+00:00,mean(air_temperature P1M),0.0,degC,PT0H,P1M,November,1950,1950/1951
210,SN90450:0,1950-12-01 00:00:00+00:00,mean(air_temperature P1M),-2.5,degC,PT0H,P1M,December,1950,1950/1951
211,SN90450:0,1951-01-01 00:00:00+00:00,mean(air_temperature P1M),-5.3,degC,PT0H,P1M,January,1951,1950/1951
212,SN90450:0,1951-02-01 00:00:00+00:00,mean(air_temperature P1M),-2.9,degC,PT0H,P1M,February,1951,1950/1951
213,SN90450:0,1951-03-01 00:00:00+00:00,mean(air_temperature P1M),-3.4,degC,PT0H,P1M,March,1951,1950/1951
214,SN90450:0,1951-04-01 00:00:00+00:00,mean(air_temperature P1M),0.7,degC,PT0H,P1M,April,1951,1950/1951
215,SN90450:0,1951-05-01 00:00:00+00:00,mean(air_temperature P1M),2.2,degC,PT0H,P1M,May,1951,1950/1951
216,SN90450:0,1951-10-01 00:00:00+00:00,mean(air_temperature P1M),6.5,degC,PT0H,P1M,October,1951,1951/1952
217,SN90450:0,1951-11-01 00:00:00+00:00,mean(air_temperature P1M),-3.4,degC,PT0H,P1M,November,1951,1951/1952
218,SN90450:0,1951-12-01 00:00:00+00:00,mean(air_temperature P1M),-2.3,degC,PT0H,P1M,December,1951,1951/1952
219,SN90450:0,1952-01-01 00:00:00+00:00,mean(air_temperature P1M),-4.0,degC,PT0H,P1M,January,1952,1951/1952
220,SN90450:0,1952-02-01 00:00:00+00:00,mean(air_temperature P1M),-3.8,degC,PT0H,P1M,February,1952,1951/1952
221,SN90450:0,1952-03-01 00:00:00+00:00,mean(air_temperature P1M),-3.6,degC,PT0H,P1M,March,1952,1951/1952
222,SN90450:0,1952-04-01 00:00:00+00:00,mean(air_temperature P1M),1.3,degC,PT0H,P1M,April,1952,1951/1952
223,SN90450:0,1952-05-01 00:00:00+00:00,mean(air_temperature P1M),4.1,degC,PT0H,P1M,May,1952,1951/1952
224,SN90450:0,1952-10-01 00:00:00+00:00,mean(air_temperature P1M),1.6,degC,PT0H,P1M,October,1952,1952/1953
225,SN90450:0,1952-11-01 00:00:00+00:00,mean(air_temperature P1M),-1.7,degC,PT0H,P1M,November,1952,1952/1953
226,SN90450:0,1952-12-01 00:00:00+00:00,mean(air_temperature P1M),-4.4,degC,PT0H,P1M,December,1952,1952/1953
227,SN90450:0,1953-01-01 00:00:00+00:00,mean(air_temperature P1M),-3.7,degC,PT0H,P1M,January,1953,1952/1953
228,SN90450:0,1953-02-01 00:00:00+00:00,mean(air_temperature P1M),-5.8,degC,PT0H,P1M,February,1953,1952/1953
229,SN90450:0,1953-03-01 00:00:00+00:00,mean(air_temperature P1M),-2.1,degC,PT0H,P1M,March,1953,1952/1953
230,SN90450:0,1953-04-01 00:00:00+00:00,mean(air_temperature P1M),0.6,degC,PT0H,P1M,April,1953,1952/1953
231,SN90450:0,1953-05-01 00:00:00+00:00,mean(air_temperature P1M),3.6,degC,PT0H,P1M,May,1953,1952/1953
232,SN90450:0,1953-10-01 00:00:00+00:00,mean(air_temperature P1M),5.5,degC,PT0H,P1M,October,1953,1953/1954
233,SN90450:0,1953-11-01 00:00:00+00:00,mean(air_temperature P1M),1.7,degC,PT0H,P1M,November,1953,1953/1954
234,SN90450:0,1953-12-01 00:00:00+00:00,mean(air_temperature P1M),1.9,degC,PT0H,P1M,December,1953,1953/1954
235,SN90450:0,1954-01-01 00:00:00+00:00,mean(air_temperature P1M),-2.6,degC,PT0H,P1M,January,1954,1953/1954
236,SN90450:0,1954-02-01 00:00:00+00:00,mean(air_temperature P1M),-3.9,degC,PT0H,P1M,February,1954,1953/1954
237,SN90450:0,1954-03-01 00:00:00+00:00,mean(air_temperature P1M),-2.6,degC,PT0H,P1M,March,1954,1953/1954
238,SN90450:0,1954-04-01 00:00:00+00:00,mean(air_temperature P1M),0.3,degC,PT0H,P1M,April,1954,1953/1954
239,SN90450:0,1954-05-01 00:00:00+00:00,mean(air_temperature P1M),6.4,degC,PT0H,P1M,May,1954,1953/1954
240,SN90450:0,1954-10-01 00:00:00+00:00,mean(air_temperature P1M),2.3,degC,PT0H,P1M,October,1954,1954/1955
241,SN90450:0,1954-11-01 00:00:00+00:00,mean(air_temperature P1M),-1.0,degC,PT0H,P1M,November,1954,1954/1955
242,SN90450:0,1954-12-01 00:00:00+00:00,mean(air_temperature P1M),-0.6,degC,PT0H,P1M,December,1954,1954/1955
243,SN90450:0,1955-01-01 00:00:00+00:00,mean(air_temperature P1M),-4.7,degC,PT0H,P1M,January,1955,1954/1955
244,SN90450:0,1955-02-01 00:00:00+00:00,mean(air_temperature P1M),-6.5,degC,PT0H,P1M,February,1955,1954/1955
245,SN90450:0,1955-03-01 00:00:00+00:00,mean(air_temperature P1M),-3.6,degC,PT0H,P1M,March,1955,1954/1955
246,SN90450:0,1955-04-01 00:00:00+00:00,mean(air_temperature P1M),-1.5,degC,PT0H,P1M,April,1955,1954/1955
247,SN90450:0,1955-05-01 00:00:00+00:00,mean(air_temperature P1M),2.8,degC,PT0H,P1M,May,1955,1954/1955
248,SN90450:0,1955-10-01 00:00:00+00:00,mean(air_temperature P1M),1.4,degC,PT0H,P1M,October,1955,1955/1956
249,SN90450:0,1955-11-01 00:00:00+00:00,mean(air_temperature P1M),-2.9,degC,PT0H,P1M,November,1955,1955/1956
250,SN90450:0,1955-12-01 00:00:00+00:00,mean(air_temperature P1M),-7.6,degC,PT0H,P1M,December,1955,1955/1956
251,SN90450:0,1956-01-01 00:00:00+00:00,mean(air_temperature P1M),-5.7,degC,PT0H,P1M,January,1956,1955/1956
252,SN90450:0,1956-02-01 00:00:00+00:00,mean(air_temperature P1M),-5.4,degC,PT0H,P1M,February,1956,1955/1956
253,SN90450:0,1956-03-01 00:00:00+00:00,mean(air_temperature P1M),-1.2,degC,PT0H,P1M,March,1956,1955/1956
254,SN90450:0,1956-04-01 00:00:00+00:00,mean(air_temperature P1M),-1.8,degC,PT0H,P1M,April,1956,1955/1956
255,SN90450:0,1956-05-01 00:00:00+00:00,mean(air_temperature P1M),4.5,degC,PT0H,P1M,May,1956,1955/1956
256,SN90450:0,1956-10-01 00:00:00+00:00,mean(air_temperature P1M),2.5,degC,PT0H,P1M,October,1956,1956/1957
257,SN90450:0,1956-11-01 00:00:00+00:00,mean(air_temperature P1M),-1.6,degC,PT0H,P1M,November,1956,1956/1957
258,SN90450:0,1956-12-01 00:00:00+00:00,mean(air_temperature P1M),-2.1,degC,PT0H,P1M,December,1956,1956/1957
259,SN90450:0,1957-01-01 00:00:00+00:00,mean(air_temperature P1M),-1.6,degC,PT0H,P1M,January,1957,1956/1957
260,SN90450:0,1957-02-01 00:00:00+00:00,mean(air_temperature P1M),-4.9,degC,PT0H,P1M,February,1957,1956/1957
261,SN90450:0,1957-03-01 00:00:00+00:00,mean(air_temperature P1M),-2.2,degC,PT0H,P1M,March,1957,1956/1957
262,SN90450:0,1957-04-01 00:00:00+00:00,mean(air_temperature P1M),1.3,degC,PT0H,P1M,April,1957,1956/1957
263,SN90450:0,1957-05-01 00:00:00+00:00,mean(air_temperature P1M),3.8,degC,PT0H,P1M,May,1957,1956/1957
264,SN90450:0,1957-10-01 00:00:00+00:00,mean(air_temperature P1M),3.4,degC,PT0H,P1M,October,1957,1957/1958
265,SN90450:0,1957-11-01 00:00:00+00:00,mean(air_temperature P1M),0.7,degC,PT0H,P1M,November,1957,1957/1958
266,SN90450:0,1957-12-01 00:00:00+00:00,mean(air_temperature P1M),-4.3,degC,PT0H,P1M,December,1957,1957/1958
267,SN90450:0,1958-01-01 00:00:00+00:00,mean(air_temperature P1M),-4.6,degC,PT0H,P1M,January,1958,1957/1958
268,SN90450:0,1958-02-01 00:00:00+00:00,mean(air_temperature P1M),-6.6,degC,PT0H,P1M,February,1958,1957/1958
269,SN90450:0,1958-03-01 00:00:00+00:00,mean(air_temperature P1M),-4.9,degC,PT0H,P1M,March,1958,1957/1958
270,SN90450:0,1958-04-01 00:00:00+00:00,mean(air_temperature P1M),0.5,degC,PT0H,P1M,April,1958,1957/1958
271,SN90450:0,1958-05-01 00:00:00+00:00,mean(air_temperature P1M),3.9,degC,PT0H,P1M,May,1958,1957/1958
272,SN90450:0,1958-10-01 00:00:00+00:00,mean(air_temperature P1M),4.3,degC,PT0H,P1M,October,1958,1958/1959
273,SN90450:0,1958-11-01 00:00:00+00:00,mean(air_temperature P1M),2.2,degC,PT0H,P1M,November,1958,1958/1959
274,SN90450:0,1958-12-01 00:00:00+00:00,mean(air_temperature P1M),-4.3,degC,PT0H,P1M,December,1958,1958/1959
275,SN90450:0,1959-01-01 00:00:00+00:00,mean(air_temperature P1M),-5.6,degC,PT0H,P1M,January,1959,1958/1959
276,SN90450:0,1959-02-01 00:00:00+00:00,mean(air_temperature P1M),0.8,degC,PT0H,P1M,February,1959,1958/1959
277,SN90450:0,1959-03-01 00:00:00+00:00,mean(air_temperature P1M),1.2,degC,PT0H,P1M,March,1959,1958/1959
278,SN90450:0,1959-04-01 00:00:00+00:00,mean(air_temperature P1M),1.4,degC,PT0H,P1M,April,1959,1958/1959
279,SN90450:0,1959-05-01 00:00:00+00:00,mean(air_temperature P1M),4.8,degC,PT0H,P1M,May,1959,1958/1959
280,SN90450:0,1959-10-01 00:00:00+00:00,mean(air_temperature P1M),3.7,degC,PT0H,P1M,October,1959,1959/1960
281,SN90450:0,1959-11-01 00:00:00+00:00,mean(air_temperature P1M),1.4,degC,PT0H,P1M,November,1959,1959/1960
282,SN90450:0,1959-12-01 00:00:00+00:00,mean(air_temperature P1M),-2.1,degC,PT0H,P1M,December,1959,1959/1960
283,SN90450:0,1960-01-01 00:00:00+00:00,mean(air_temperature P1M),-4.6,degC,PT0H,P1M,January,1960,1959/1960
284,SN90450:0,1960-02-01 00:00:00+00:00,mean(air_temperature P1M),-6.2,degC,PT0H,P1M,February,1960,1959/1960
285,SN90450:0,1960-03-01 00:00:00+00:00,mean(air_temperature P1M),0.2,degC,PT0H,P1M,March,1960,1959/1960
286,SN90450:0,1960-04-01 00:00:00+00:00,mean(air_temperature P1M),3.2,degC,PT0H,P1M,April,1960,1959/1960
287,SN90450:0,1960-05-01 00:00:00+00:00,mean(air_temperature P1M),6.5,degC,PT0H,P1M,May,1960,1959/1960
288,SN90450:0,1960-10-01 00:00:00+00:00,mean(air_temperature P1M),-0.1,degC,PT0H,P1M,October,1960,1960/1961
289,SN90450:0,1960-11-01 00:00:00+00:00,mean(air_temperature P1M),-2.1,degC,PT0H,P1M,November,1960,1960/1961
290,SN90450:0,1960-12-01 00:00:00+00:00,mean(air_temperature P1M),-3.1,degC,PT0H,P1M,December,1960,1960/1961
291,SN90450:0,1961-01-01 00:00:00+00:00,mean(air_temperature P1M),-2.6,degC,PT0H,P1M,January,1961,1960/1961
292,SN90450:0,1961-02-01 00:00:00+00:00,mean(air_temperature P1M),-2.5,degC,PT0H,P1M,February,1961,1960/1961
293,SN90450:0,1961-03-01 00:00:00+00:00,mean(air_temperature P1M),-2.2,degC,PT0H,P1M,March,1961,1960/1961
294,SN90450:0,1961-04-01 00:00:00+00:00,mean(air_temperature P1M),-1.1,degC,PT0H,P1M,April,1961,1960/1961
295,SN90450:0,1961-05-01 00:00:00+00:00,mean(air_temperature P1M),4.5,degC,PT0H,P1M,May,1961,1960/1961
296,SN90450:0,1961-10-01 00:00:00+00:00,mean(air_temperature P1M),6.4,degC,PT0H,P1M,October,1961,1961/1962
297,SN90450:0,1961-11-01 00:00:00+00:00,mean(air_temperature P1M),1.1,degC,PT0H,P1M,November,1961,1961/1962
298,SN90450:0,1961-12-01 00:00:00+00:00,mean(air_temperature P1M),-4.7,degC,PT0H,P1M,December,1961,1961/1962
299,SN90450:0,1962-01-01 00:00:00+00:00,mean(air_temperature P1M),-4.5,degC,PT0H,P1M,January,1962,1961/1962
300,SN90450:0,1962-02-01 00:00:00+00:00,mean(air_temperature P1M),-3.7,degC,PT0H,P1M,February,1962,1961/1962
301,SN90450:0,1962-03-01 00:00:00+00:00,mean(air_temperature P1M),-7.1,degC,PT0H,P1M,March,1962,1961/1962
302,SN90450:0,1962-04-01 00:00:00+00:00,mean(air_temperature P1M),1.0,degC,PT0H,P1M,April,1962,1961/1962
303,SN90450:0,1962-05-01 00:00:00+00:00,mean(air_temperature P1M),3.6,degC,PT0H,P1M,May,1962,1961/1962
304,SN90450:0,1962-10-01 00:00:00+00:00,mean(air_temperature P1M),2.6,degC,PT0H,P1M,October,1962,1962/1963
305,SN90450:0,1962-11-01 00:00:00+00:00,mean(air_temperature P1M),0.4,degC,PT0H,P1M,November,1962,1962/1963
306,SN90450:0,1962-12-01 00:00:00+00:00,mean(air_temperature P1M),-4.8,degC,PT0H,P1M,December,1962,1962/1963
307,SN90450:0,1963-01-01 00:00:00+00:00,mean(air_temperature P1M),-4.7,degC,PT0H,P1M,January,1963,1962/1963
308,SN90450:0,1963-02-01 00:00:00+00:00,mean(air_temperature P1M),-6.3,degC,PT0H,P1M,February,1963,1962/1963
309,SN90450:0,1963-03-01 00:00:00+00:00,mean(air_temperature P1M),-5.2,degC,PT0H,P1M,March,1963,1962/1963
310,SN90450:0,1963-04-01 00:00:00+00:00,mean(air_temperature P1M),0.8,degC,PT0H,P1M,April,1963,1962/1963
311,SN90450:0,1963-05-01 00:00:00+00:00,mean(air_temperature P1M),8.6,degC,PT0H,P1M,May,1963,1962/1963
312,SN90450:0,1963-10-01 00:00:00+00:00,mean(air_temperature P1M),4.3,degC,PT0H,P1M,October,1963,1963/1964
313,SN90450:0,1963-11-01 00:00:00+00:00,mean(air_temperature P1M),-1.7,degC,PT0H,P1M,November,1963,1963/1964
314,SN90450:0,1963-12-01 00:00:00+00:00,mean(air_temperature P1M),-2.1,degC,PT0H,P1M,December,1963,1963/1964
315,SN90450:0,1964-01-01 00:00:00+00:00,mean(air_temperature P1M),-0.6,degC,PT0H,P1M,January,1964,1963/1964
316,SN90450:0,1964-02-01 00:00:00+00:00,mean(air_temperature P1M),-4.4,degC,PT0H,P1M,February,1964,1963/1964
317,SN90450:0,1964-03-01 00:00:00+00:00,mean(air_temperature P1M),-0.4,degC,PT0H,P1M,March,1964,1963/1964
318,SN90450:0,1964-04-01 00:00:00+00:00,mean(air_temperature P1M),0.5,degC,PT0H,P1M,April,1964,1963/1964
319,SN90450:0,1964-05-01 00:00:00+00:00,mean(air_temperature P1M),5.7,degC,PT0H,P1M,May,1964,1963/1964
320,SN90450:0,1964-10-01 00:00:00+00:00,mean(air_temperature P1M),5.7,degC,PT0H,P1M,October,1964,1964/1965
321,SN90450:0,1964-11-01 00:00:00+00:00,mean(air_temperature P1M),-1.3,degC,PT0H,P1M,November,1964,1964/1965
322,SN90450:0,1964-12-01 00:00:00+00:00,mean(air_temperature P1M),-1.7,degC,PT0H,P1M,December,1964,1964/1965
323,SN90450:0,1965-01-01 00:00:00+00:00,mean(air_temperature P1M),-4.0,degC,PT0H,P1M,January,1965,1964/1965
324,SN90450:0,1965-02-01 00:00:00+00:00,mean(air_temperature P1M),-3.9,degC,PT0H,P1M,February,1965,1964/1965
325,SN90450:0,1965-03-01 00:00:00+00:00,mean(air_temperature P1M),-4.7,degC,PT0H,P1M,March,1965,1964/1965
326,SN90450:0,1965-04-01 00:00:00+00:00,mean(air_temperature P1M),1.0,degC,PT0H,P1M,April,1965,1964/1965
327,SN90450:0,1965-05-01 00:00:00+00:00,mean(air_temperature P1M),2.0,degC,PT0H,P1M,May,1965,1964/1965
328,SN90450:0,1965-10-01 00:00:00+00:00,mean(air_temperature P1M),2.7,degC,PT0H,P1M,October,1965,1965/1966
329,SN90450:0,1965-11-01 00:00:00+00:00,mean(air_temperature P1M),-3.1,degC,PT0H,P1M,November,1965,1965/1966
330,SN90450:0,1965-12-01 00:00:00+00:00,mean(air_temperature P1M),-6.0,degC,PT0H,P1M,December,1965,1965/1966
331,SN90450:0,1966-01-01 00:00:00+00:00,mean(air_temperature P1M),-6.1,degC,PT0H,P1M,January,1966,1965/1966
332,SN90450:0,1966-02-01 00:00:00+00:00,mean(air_temperature P1M),-9.5,degC,PT0H,P1M,February,1966,1965/1966
333,SN90450:0,1966-03-01 00:00:00+00:00,mean(air_temperature P1M),-5.5,degC,PT0H,P1M,March,1966,1965/1966
334,SN90450:0,1966-04-01 00:00:00+00:00,mean(air_temperature P1M),-1.4,degC,PT0H,P1M,April,1966,1965/1966
335,SN90450:0,1966-05-01 00:00:00+00:00,mean(air_temperature P1M),2.5,degC,PT0H,P1M,May,1966,1965/1966
336,SN90450:0,1966-10-01 00:00:00+00:00,mean(air_temperature P1M),0.4,degC,PT0H,P1M,October,1966,1966/1967
337,SN90450:0,1966-11-01 00:00:00+00:00,mean(air_temperature P1M),1.1,degC,PT0H,P1M,November,1966,1966/1967
338,SN90450:0,1966-12-01 00:00:00+00:00,mean(air_temperature P1M),-2.6,degC,PT0H,P1M,December,1966,1966/1967
339,SN90450:0,1967-01-01 00:00:00+00:00,mean(air_temperature P1M),-6.4,degC,PT0H,P1M,January,1967,1966/1967
340,SN90450:0,1967-02-01 00:00:00+00:00,mean(air_temperature P1M),-3.7,degC,PT0H,P1M,February,1967,1966/1967
341,SN90450:0,1967-03-01 00:00:00+00:00,mean(air_temperature P1M),-0.5,degC,PT0H,P1M,March,1967,1966/1967
342,SN90450:0,1967-04-01 00:00:00+00:00,mean(air_temperature P1M),0.5,degC,PT0H,P1M,April,1967,1966/1967
343,SN90450:0,1967-05-01 00:00:00+00:00,mean(air_temperature P1M),5.8,degC,PT0H,P1M,May,1967,1966/1967
344,SN90450:0,1967-10-01 00:00:00+00:00,mean(air_temperature P1M),1.7,degC,PT0H,P1M,October,1967,1967/1968
345,SN90450:0,1967-11-01 00:00:00+00:00,mean(air_temperature P1M),2.3,degC,PT0H,P1M,November,1967,1967/1968
346,SN90450:0,1967-12-01 00:00:00+00:00,mean(air_temperature P1M),-6.4,degC,PT0H,P1M,December,1967,1967/1968
347,SN90450:0,1968-01-01 00:00:00+00:00,mean(air_temperature P1M),-7.8,degC,PT0H,P1M,January,1968,1967/1968
348,SN90450:0,1968-02-01 00:00:00+00:00,mean(air_temperature P1M),-4.3,degC,PT0H,P1M,February,1968,1967/1968
349,SN90450:0,1968-03-01 00:00:00+00:00,mean(air_temperature P1M),-3.5,degC,PT0H,P1M,March,1968,1967/1968
350,SN90450:0,1968-04-01 00:00:00+00:00,mean(air_temperature P1M),-0.3,degC,PT0H,P1M,April,1968,1967/1968
351,SN90450:0,1968-05-01 00:00:00+00:00,mean(air_temperature P1M),2.1,degC,PT0H,P1M,May,1968,1967/1968
352,SN90450:0,1968-10-01 00:00:00+00:00,mean(air_temperature P1M),-1.6,degC,PT0H,P1M,October,1968,1968/1969
353,SN90450:0,1968-11-01 00:00:00+00:00,mean(air_temperature P1M),0.3,degC,PT0H,P1M,November,1968,1968/1969
354,SN90450:0,1968-12-01 00:00:00+00:00,mean(air_temperature P1M),-0.2,degC,PT0H,P1M,December,1968,1968/1969
355,SN90450:0,1969-01-01 00:00:00+00:00,mean(air_temperature P1M),-4.5,degC,PT0H,P1M,January,1969,1968/1969
356,SN90450:0,1969-02-01 00:00:00+00:00,mean(air_temperature P1M),-5.2,degC,PT0H,P1M,February,1969,1968/1969
357,SN90450:0,1969-03-01 00:00:00+00:00,mean(air_temperature P1M),-3.1,degC,PT0H,P1M,March,1969,1968/1969
358,SN90450:0,1969-04-01 00:00:00+00:00,mean(air_temperature P1M),0.0,degC,PT0H,P1M,April,1969,1968/1969
359,SN90450:0,1969-05-01 00:00:00+00:00,mean(air_temperature P1M),4.0,degC,PT0H,P1M,May,1969,1968/1969
360,SN90450:0,1969-10-01 00:00:00+00:00,mean(air_temperature P1M),3.6,degC,PT0H,P1M,October,1969,1969/1970
361,SN90450:0,1969-11-01 00:00:00+00:00,mean(air_temperature P1M),-1.8,degC,PT0H,P1M,November,1969,1969/1970
362,SN90450:0,1969-12-01 00:00:00+00:00,mean(air_temperature P1M),-2.2,degC,PT0H,P1M,December,1969,1969/1970
363,SN90450:0,1970-01-01 00:00:00+00:00,mean(air_temperature P1M),-3.8,degC,PT0H,P1M,January,1970,1969/1970
364,SN90450:0,1970-02-01 00:00:00+00:00,mean(air_temperature P1M),-8.4,degC,PT0H,P1M,February,1970,1969/1970
365,SN90450:0,1970-03-01 00:00:00+00:00,mean(air_temperature P1M),-2.3,degC,PT0H,P1M,March,1970,1969/1970
366,SN90450:0,1970-04-01 00:00:00+00:00,mean(air_temperature P1M),-0.9,degC,PT0H,P1M,April,1970,1969/1970
367,SN90450:0,1970-05-01 00:00:00+00:00,mean(air_temperature P1M),4.9,degC,PT0H,P1M,May,1970,1969/1970
368,SN90450:0,1970-10-01 00:00:00+00:00,mean(air_temperature P1M),4.0,degC,PT0H,P1M,October,1970,1970/1971
369,SN90450:0,1970-11-01 00:00:00+00:00,mean(air_temperature P1M),-3.0,degC,PT0H,P1M,November,1970,1970/1971
370,SN90450:0,1970-12-01 00:00:00+00:00,mean(air_temperature P1M),-2.3,degC,PT0H,P1M,December,1970,1970/1971
371,SN90450:0,1971-01-01 00:00:00+00:00,mean(air_temperature P1M),-4.4,degC,PT0H,P1M,January,1971,1970/1971
372,SN90450:0,1971-02-01 00:00:00+00:00,mean(air_temperature P1M),-5.1,degC,PT0H,P1M,February,1971,1970/1971
373,SN90450:0,1971-03-01 00:00:00+00:00,mean(air_temperature P1M),-5.2,degC,PT0H,P1M,March,1971,1970/1971
374,SN90450:0,1971-04-01 00:00:00+00:00,mean(air_temperature P1M),-0.9,degC,PT0H,P1M,April,1971,1970/1971
375,SN90450:0,1971-05-01 00:00:00+00:00,mean(air_temperature P1M),3.4,degC,PT0H,P1M,May,1971,1970/1971
376,SN90450:0,1971-10-01 00:00:00+00:00,mean(air_temperature P1M),2.1,degC,PT0H,P1M,October,1971,1971/1972
377,SN90450:0,1971-11-01 00:00:00+00:00,mean(air_temperature P1M),-3.5,degC,PT0H,P1M,November,1971,1971/1972
378,SN90450:0,1971-12-01 00:00:00+00:00,mean(air_temperature P1M),-1.4,degC,PT0H,P1M,December,1971,1971/1972
379,SN90450:0,1972-01-01 00:00:00+00:00,mean(air_temperature P1M),-1.3,degC,PT0H,P1M,January,1972,1971/1972
380,SN90450:0,1972-02-01 00:00:00+00:00,mean(air_temperature P1M),-3.0,degC,PT0H,P1M,February,1972,1971/1972
381,SN90450:0,1972-03-01 00:00:00+00:00,mean(air_temperature P1M),-2.3,degC,PT0H,P1M,March,1972,1971/1972
382,SN90450:0,1972-04-01 00:00:00+00:00,mean(air_temperature P1M),0.2,degC,PT0H,P1M,April,1972,1971/1972
383,SN90450:0,1972-05-01 00:00:00+00:00,mean(air_temperature P1M),5.1,degC,PT0H,P1M,May,1972,1971/1972
384,SN90450:0,1972-10-01 00:00:00+00:00,mean(air_temperature P1M),2.6,degC,PT0H,P1M,October,1972,1972/1973
385,SN90450:0,1972-11-01 00:00:00+00:00,mean(air_temperature P1M),-0.5,degC,PT0H,P1M,November,1972,1972/1973
386,SN90450:0,1972-12-01 00:00:00+00:00,mean(air_temperature P1M),1.8,degC,PT0H,P1M,December,1972,1972/1973
387,SN90450:0,1973-01-01 00:00:00+00:00,mean(air_temperature P1M),-1.2,degC,PT0H,P1M,January,1973,1972/1973
388,SN90450:0,1973-02-01 00:00:00+00:00,mean(air_temperature P1M),-3.8,degC,PT0H,P1M,February,1973,1972/1973
389,SN90450:0,1973-03-01 00:00:00+00:00,mean(air_temperature P1M),-1.9,degC,PT0H,P1M,March,1973,1972/1973
390,SN90450:0,1973-04-01 00:00:00+00:00,mean(air_temperature P1M),0.2,degC,PT0H,P1M,April,1973,1972/1973
391,SN90450:0,1973-05-01 00:00:00+00:00,mean(air_temperature P1M),4.2,degC,PT0H,P1M,May,1973,1972/1973
392,SN90450:0,1973-10-01 00:00:00+00:00,mean(air_temperature P1M),0.0,degC,PT0H,P1M,October,1973,1973/1974
393,SN90450:0,1973-11-01 00:00:00+00:00,mean(air_temperature P1M),-3.3,degC,PT0H,P1M,November,1973,1973/1974
394,SN90450:0,1973-12-01 00:00:00+00:00,mean(air_temperature P1M),-5.0,degC,PT0H,P1M,December,1973,1973/1974
395,SN90450:0,1974-01-01 00:00:00+00:00,mean(air_temperature P1M),-2.1,degC,PT0H,P1M,January,1974,1973/1974
396,SN90450:0,1974-02-01 00:00:00+00:00,mean(air_temperature P1M),-3.2,degC,PT0H,P1M,February,1974,1973/1974
397,SN90450:0,1974-03-01 00:00:00+00:00,mean(air_temperature P1M),0.2,degC,PT0H,P1M,March,1974,1973/1974
398,SN90450:0,1974-04-01 00:00:00+00:00,mean(air_temperature P1M),0.9,degC,PT0H,P1M,April,1974,1973/1974
399,SN90450:0,1974-05-01 00:00:00+00:00,mean(air_temperature P1M),5.3,degC,PT0H,P1M,May,1974,1973/1974
400,SN90450:0,1974-10-01 00:00:00+00:00,mean(air_temperature P1M),2.1,degC,PT0H,P1M,October,1974,1974/1975
401,SN90450:0,1974-11-01 00:00:00+00:00,mean(air_temperature P1M),-1.6,degC,PT0H,P1M,November,1974,1974/1975
402,SN90450:0,1974-12-01 00:00:00+00:00,mean(air_temperature P1M),-1.7,degC,PT0H,P1M,December,1974,1974/1975
403,SN90450:0,1975-01-01 00:00:00+00:00,mean(air_temperature P1M),-3.7,degC,PT0H,P1M,January,1975,1974/1975
404,SN90450:0,1975-02-01 00:00:00+00:00,mean(air_temperature P1M),-1.3,degC,PT0H,P1M,February,1975,1974/1975
405,SN90450:0,1975-03-01 00:00:00+00:00,mean(air_temperature P1M),-0.5,degC,PT0H,P1M,March,1975,1974/1975
406,SN90450:0,1975-04-01 00:00:00+00:00,mean(air_temperature P1M),0.4,degC,PT0H,P1M,April,1975,1974/1975
407,SN90450:0,1975-05-01 00:00:00+00:00,mean(air_temperature P1M),4.2,degC,PT0H,P1M,May,1975,1974/1975
408,SN90450:0,1975-10-01 00:00:00+00:00,mean(air_temperature P1M),2.7,degC,PT0H,P1M,October,1975,1975/1976
409,SN90450:0,1975-11-01 00:00:00+00:00,mean(air_temperature P1M),0.5,degC,PT0H,P1M,November,1975,1975/1976
410,SN90450:0,1975-12-01 00:00:00+00:00,mean(air_temperature P1M),-4.0,degC,PT0H,P1M,December,1975,1975/1976
411,SN90450:0,1976-01-01 00:00:00+00:00,mean(air_temperature P1M),-7.1,degC,PT0H,P1M,January,1976,1975/1976
412,SN90450:0,1976-02-01 00:00:00+00:00,mean(air_temperature P1M),-1.3,degC,PT0H,P1M,February,1976,1975/1976
413,SN90450:0,1976-03-01 00:00:00+00:00,mean(air_temperature P1M),-2.0,degC,PT0H,P1M,March,1976,1975/1976
414,SN90450:0,1976-04-01 00:00:00+00:00,mean(air_temperature P1M),-0.5,degC,PT0H,P1M,April,1976,1975/1976
415,SN90450:0,1976-05-01 00:00:00+00:00,mean(air_temperature P1M),6.3,degC,PT0H,P1M,May,1976,1975/1976
416,SN90450:0,1976-10-01 00:00:00+00:00,mean(air_temperature P1M),1.5,degC,PT0H,P1M,October,1976,1976/1977
417,SN90450:0,1976-11-01 00:00:00+00:00,mean(air_temperature P1M),-1.5,degC,PT0H,P1M,November,1976,1976/1977
418,SN90450:0,1976-12-01 00:00:00+00:00,mean(air_temperature P1M),-4.2,degC,PT0H,P1M,December,1976,1976/1977
419,SN90450:0,1977-01-01 00:00:00+00:00,mean(air_temperature P1M),-4.7,degC,PT0H,P1M,January,1977,1976/1977
420,SN90450:0,1977-02-01 00:00:00+00:00,mean(air_temperature P1M),-5.1,degC,PT0H,P1M,February,1977,1976/1977
421,SN90450:0,1977-03-01 00:00:00+00:00,mean(air_temperature P1M),-3.0,degC,PT0H,P1M,March,1977,1976/1977
422,SN90450:0,1977-04-01 00:00:00+00:00,mean(air_temperature P1M),-1.8,degC,PT0H,P1M,April,1977,1976/1977
423,SN90450:0,1977-05-01 00:00:00+00:00,mean(air_temperature P1M),2.6,degC,PT0H,P1M,May,1977,1976/1977
424,SN90450:0,1977-10-01 00:00:00+00:00,mean(air_temperature P1M),2.9,degC,PT0H,P1M,October,1977,1977/1978
425,SN90450:0,1977-11-01 00:00:00+00:00,mean(air_temperature P1M),0.2,degC,PT0H,P1M,November,1977,1977/1978
426,SN90450:0,1977-12-01 00:00:00+00:00,mean(air_temperature P1M),-2.6,degC,PT0H,P1M,December,1977,1977/1978
427,SN90450:0,1978-01-01 00:00:00+00:00,mean(air_temperature P1M),-5.8,degC,PT0H,P1M,January,1978,1977/1978
428,SN90450:0,1978-02-01 00:00:00+00:00,mean(air_temperature P1M),-6.5,degC,PT0H,P1M,February,1978,1977/1978
429,SN90450:0,1978-03-01 00:00:00+00:00,mean(air_temperature P1M),-4.0,degC,PT0H,P1M,March,1978,1977/1978
430,SN90450:0,1978-04-01 00:00:00+00:00,mean(air_temperature P1M),-0.5,degC,PT0H,P1M,April,1978,1977/1978
431,SN90450:0,1978-05-01 00:00:00+00:00,mean(air_temperature P1M),4.1,degC,PT0H,P1M,May,1978,1977/1978
432,SN90450:0,1978-10-01 00:00:00+00:00,mean(air_temperature P1M),1.1,degC,PT0H,P1M,October,1978,1978/1979
433,SN90450:0,1978-11-01 00:00:00+00:00,mean(air_temperature P1M),-0.7,degC,PT0H,P1M,November,1978,1978/1979
434,SN90450:0,1978-12-01 00:00:00+00:00,mean(air_temperature P1M),-6.0,degC,PT0H,P1M,December,1978,1978/1979
435,SN90450:0,1979-01-01 00:00:00+00:00,mean(air_temperature P1M),-6.4,degC,PT0H,P1M,January,1979,1978/1979
436,SN90450:0,1979-02-01 00:00:00+00:00,mean(air_temperature P1M),-4.8,degC,PT0H,P1M,February,1979,1978/1979
437,SN90450:0,1979-03-01 00:00:00+00:00,mean(air_temperature P1M),-2.1,degC,PT0H,P1M,March,1979,1978/1979
438,SN90450:0,1979-04-01 00:00:00+00:00,mean(air_temperature P1M),0.2,degC,PT0H,P1M,April,1979,1978/1979
439,SN90450:0,1979-05-01 00:00:00+00:00,mean(air_temperature P1M),4.3,degC,PT0H,P1M,May,1979,1978/1979
440,SN90450:0,1979-10-01 00:00:00+00:00,mean(air_temperature P1M),1.7,degC,PT0H,P1M,October,1979,1979/1980
441,SN90450:0,1979-11-01 00:00:00+00:00,mean(air_temperature P1M),-1.4,degC,PT0H,P1M,November,1979,1979/1980
442,SN90450:0,1979-12-01 00:00:00+00:00,mean(air_temperature P1M),-2.3,degC,PT0H,P1M,December,1979,1979/1980
443,SN90450:0,1980-01-01 00:00:00+00:00,mean(air_temperature P1M),-4.4,degC,PT0H,P1M,January,1980,1979/1980
444,SN90450:0,1980-02-01 00:00:00+00:00,mean(air_temperature P1M),-4.2,degC,PT0H,P1M,February,1980,1979/1980
445,SN90450:0,1980-03-01 00:00:00+00:00,mean(air_temperature P1M),-2.7,degC,PT0H,P1M,March,1980,1979/1980
446,SN90450:0,1980-04-01 00:00:00+00:00,mean(air_temperature P1M),2.0,degC,PT0H,P1M,April,1980,1979/1980
447,SN90450:0,1980-05-01 00:00:00+00:00,mean(air_temperature P1M),5.5,degC,PT0H,P1M,May,1980,1979/1980
448,SN90450:0,1980-10-01 00:00:00+00:00,mean(air_temperature P1M),1.8,degC,PT0H,P1M,October,1980,1980/1981
449,SN90450:0,1980-11-01 00:00:00+00:00,mean(air_temperature P1M),-3.6,degC,PT0H,P1M,November,1980,1980/1981
450,SN90450:0,1980-12-01 00:00:00+00:00,mean(air_temperature P1M),-4.4,degC,PT0H,P1M,December,1980,1980/1981
451,SN90450:0,1981-01-01 00:00:00+00:00,mean(air_temperature P1M),-5.6,degC,PT0H,P1M,January,1981,1980/1981
452,SN90450:0,1981-02-01 00:00:00+00:00,mean(air_temperature P1M),-3.5,degC,PT0H,P1M,February,1981,1980/1981
453,SN90450:0,1981-03-01 00:00:00+00:00,mean(air_temperature P1M),-6.1,degC,PT0H,P1M,March,1981,1980/1981
454,SN90450:0,1981-04-01 00:00:00+00:00,mean(air_temperature P1M),-0.2,degC,PT0H,P1M,April,1981,1980/1981
455,SN90450:0,1981-05-01 00:00:00+00:00,mean(air_temperature P1M),4.7,degC,PT0H,P1M,May,1981,1980/1981
456,SN90450:0,1981-10-01 00:00:00+00:00,mean(air_temperature P1M),2.0,degC,PT0H,P1M,October,1981,1981/1982
457,SN90450:0,1981-11-01 00:00:00+00:00,mean(air_temperature P1M),-1.8,degC,PT0H,P1M,November,1981,1981/1982
458,SN90450:0,1981-12-01 00:00:00+00:00,mean(air_temperature P1M),-6.4,degC,PT0H,P1M,December,1981,1981/1982
459,SN90450:0,1982-01-01 00:00:00+00:00,mean(air_temperature P1M),-6.1,degC,PT0H,P1M,January,1982,1981/1982
460,SN90450:0,1982-02-01 00:00:00+00:00,mean(air_temperature P1M),-1.3,degC,PT0H,P1M,February,1982,1981/1982
461,SN90450:0,1982-03-01 00:00:00+00:00,mean(air_temperature P1M),-1.6,degC,PT0H,P1M,March,1982,1981/1982
462,SN90450:0,1982-04-01 00:00:00+00:00,mean(air_temperature P1M),0.2,degC,PT0H,P1M,April,1982,1981/1982
463,SN90450:0,1982-05-01 00:00:00+00:00,mean(air_temperature P1M),3.7,degC,PT0H,P1M,May,1982,1981/1982
464,SN90450:0,1982-10-01 00:00:00+00:00,mean(air_temperature P1M),2.7,degC,PT0H,P1M,October,1982,1982/1983
465,SN90450:0,1982-11-01 00:00:00+00:00,mean(air_temperature P1M),-0.1,degC,PT0H,P1M,November,1982,1982/1983
466,SN90450:0,1982-12-01 00:00:00+00:00,mean(air_temperature P1M),-1.6,degC,PT0H,P1M,December,1982,1982/1983
467,SN90450:0,1983-01-01 00:00:00+00:00,mean(air_temperature P1M),-2.8,degC,PT0H,P1M,January,1983,1982/1983
468,SN90450:0,1983-02-01 00:00:00+00:00,mean(air_temperature P1M),-3.4,degC,PT0H,P1M,February,1983,1982/1983
469,SN90450:0,1983-03-01 00:00:00+00:00,mean(air_temperature P1M),-2.2,degC,PT0H,P1M,March,1983,1982/1983
470,SN90450:0,1983-04-01 00:00:00+00:00,mean(air_temperature P1M),2.0,degC,PT0H,P1M,April,1983,1982/1983
471,SN90450:0,1983-05-01 00:00:00+00:00,mean(air_temperature P1M),6.8,degC,PT0H,P1M,May,1983,1982/1983
472,SN90450:0,1983-10-01 00:00:00+00:00,mean(air_temperature P1M),1.7,degC,PT0H,P1M,October,1983,1983/1984
473,SN90450:0,1983-11-01 00:00:00+00:00,mean(air_temperature P1M),-3.4,degC,PT0H,P1M,November,1983,1983/1984
474,SN90450:0,1983-12-01 00:00:00+00:00,mean(air_temperature P1M),-4.5,degC,PT0H,P1M,December,1983,1983/1984
475,SN90450:0,1984-01-01 00:00:00+00:00,mean(air_temperature P1M),-4.7,degC,PT0H,P1M,January,1984,1983/1984
476,SN90450:0,1984-02-01 00:00:00+00:00,mean(air_temperature P1M),-0.9,degC,PT0H,P1M,February,1984,1983/1984
477,SN90450:0,1984-03-01 00:00:00+00:00,mean(air_temperature P1M),-3.3,degC,PT0H,P1M,March,1984,1983/1984
478,SN90450:0,1984-04-01 00:00:00+00:00,mean(air_temperature P1M),1.9,degC,PT0H,P1M,April,1984,1983/1984
479,SN90450:0,1984-05-01 00:00:00+00:00,mean(air_temperature P1M),7.6,degC,PT0H,P1M,May,1984,1983/1984
480,SN90450:0,1984-10-01 00:00:00+00:00,mean(air_temperature P1M),3.2,degC,PT0H,P1M,October,1984,1984/1985
481,SN90450:0,1984-11-01 00:00:00+00:00,mean(air_temperature P1M),-0.8,degC,PT0H,P1M,November,1984,1984/1985
482,SN90450:0,1984-12-01 00:00:00+00:00,mean(air_temperature P1M),0.9,degC,PT0H,P1M,December,1984,1984/1985
483,SN90450:0,1985-01-01 00:00:00+00:00,mean(air_temperature P1M),-4.6,degC,PT0H,P1M,January,1985,1984/1985
484,SN90450:0,1985-02-01 00:00:00+00:00,mean(air_temperature P1M),-7.6,degC,PT0H,P1M,February,1985,1984/1985
485,SN90450:0,1985-03-01 00:00:00+00:00,mean(air_temperature P1M),-2.0,degC,PT0H,P1M,March,1985,1984/1985
486,SN90450:0,1985-04-01 00:00:00+00:00,mean(air_temperature P1M),-1.7,degC,PT0H,P1M,April,1985,1984/1985
487,SN90450:0,1985-05-01 00:00:00+00:00,mean(air_temperature P1M),3.3,degC,PT0H,P1M,May,1985,1984/1985
488,SN90450:0,1985-10-01 00:00:00+00:00,mean(air_temperature P1M),3.2,degC,PT0H,P1M,October,1985,1985/1986
489,SN90450:0,1985-11-01 00:00:00+00:00,mean(air_temperature P1M),-1.6,degC,PT0H,P1M,November,1985,1985/1986
490,SN90450:0,1985-12-01 00:00:00+00:00,mean(air_temperature P1M),-5.7,degC,PT0H,P1M,December,1985,1985/1986
491,SN90450:0,1986-01-01 00:00:00+00:00,mean(air_temperature P1M),-6.2,degC,PT0H,P1M,January,1986,1985/1986
492,SN90450:0,1986-02-01 00:00:00+00:00,mean(air_temperature P1M),-4.2,degC,PT0H,P1M,February,1986,1985/1986
493,SN90450:0,1986-03-01 00:00:00+00:00,mean(air_temperature P1M),0.2,degC,PT0H,P1M,March,1986,1985/1986
494,SN90450:0,1986-04-01 00:00:00+00:00,mean(air_temperature P1M),-0.8,degC,PT0H,P1M,April,1986,1985/1986
495,SN90450:0,1986-05-01 00:00:00+00:00,mean(air_temperature P1M),7.0,degC,PT0H,P1M,May,1986,1985/1986
496,SN90450:0,1986-10-01 00:00:00+00:00,mean(air_temperature P1M),3.7,degC,PT0H,P1M,October,1986,1986/1987
497,SN90450:0,1986-11-01 00:00:00+00:00,mean(air_temperature P1M),0.5,degC,PT0H,P1M,November,1986,1986/1987
498,SN90450:0,1986-12-01 00:00:00+00:00,mean(air_temperature P1M),-6.6,degC,PT0H,P1M,December,1986,1986/1987
499,SN90450:0,1987-01-01 00:00:00+00:00,mean(air_temperature P1M),-6.4,degC,PT0H,P1M,January,1987,1986/1987
500,SN90450:0,1987-02-01 00:00:00+00:00,mean(air_temperature P1M),-6.9,degC,PT0H,P1M,February,1987,1986/1987
501,SN90450:0,1987-03-01 00:00:00+00:00,mean(air_temperature P1M),-3.2,degC,PT0H,P1M,March,1987,1986/1987
502,SN90450:0,1987-04-01 00:00:00+00:00,mean(air_temperature P1M),0.4,degC,PT0H,P1M,April,1987,1986/1987
503,SN90450:0,1987-05-01 00:00:00+00:00,mean(air_temperature P1M),4.1,degC,PT0H,P1M,May,1987,1986/1987
504,SN90450:0,1987-10-01 00:00:00+00:00,mean(air_temperature P1M),7.0,degC,PT0H,P1M,October,1987,1987/1988
505,SN90450:0,1987-11-01 00:00:00+00:00,mean(air_temperature P1M),-1.8,degC,PT0H,P1M,November,1987,1987/1988
506,SN90450:0,1987-12-01 00:00:00+00:00,mean(air_temperature P1M),-4.9,degC,PT0H,P1M,December,1987,1987/1988
507,SN90450:0,1988-01-01 00:00:00+00:00,mean(air_temperature P1M),-4.1,degC,PT0H,P1M,January,1988,1987/1988
508,SN90450:0,1988-02-01 00:00:00+00:00,mean(air_temperature P1M),-5.1,degC,PT0H,P1M,February,1988,1987/1988
509,SN90450:0,1988-03-01 00:00:00+00:00,mean(air_temperature P1M),-3.5,degC,PT0H,P1M,March,1988,1987/1988
510,SN90450:0,1988-04-01 00:00:00+00:00,mean(air_temperature P1M),-2.5,degC,PT0H,P1M,April,1988,1987/1988
511,SN90450:0,1988-05-01 00:00:00+00:00,mean(air_temperature P1M),3.8,degC,PT0H,P1M,May,1988,1987/1988
512,SN90450:0,1988-10-01 00:00:00+00:00,mean(air_temperature P1M),2.2,degC,PT0H,P1M,October,1988,1988/1989
513,SN90450:0,1988-11-01 00:00:00+00:00,mean(air_temperature P1M),-2.6,degC,PT0H,P1M,November,1988,1988/1989
514,SN90450:0,1988-12-01 00:00:00+00:00,mean(air_temperature P1M),-4.3,degC,PT0H,P1M,December,1988,1988/1989
515,SN90450:0,1989-01-01 00:00:00+00:00,mean(air_temperature P1M),-1.4,degC,PT0H,P1M,January,1989,1988/1989
516,SN90450:0,1989-02-01 00:00:00+00:00,mean(air_temperature P1M),-2.9,degC,PT0H,P1M,February,1989,1988/1989
517,SN90450:0,1989-03-01 00:00:00+00:00,mean(air_temperature P1M),-0.3,degC,PT0H,P1M,March,1989,1988/1989
518,SN90450:0,1989-04-01 00:00:00+00:00,mean(air_temperature P1M),3.3,degC,PT0H,P1M,April,1989,1988/1989
519,SN90450:0,1989-05-01 00:00:00+00:00,mean(air_temperature P1M),5.0,degC,PT0H,P1M,May,1989,1988/1989
520,SN90450:0,1989-10-01 00:00:00+00:00,mean(air_temperature P1M),2.2,degC,PT0H,P1M,October,1989,1989/1990
521,SN90450:0,1989-11-01 00:00:00+00:00,mean(air_temperature P1M),0.6,degC,PT0H,P1M,November,1989,1989/1990
522,SN90450:0,1989-12-01 00:00:00+00:00,mean(air_temperature P1M),-4.2,degC,PT0H,P1M,December,1989,1989/1990
523,SN90450:0,1990-01-01 00:00:00+00:00,mean(air_temperature P1M),-3.1,degC,PT0H,P1M,January,1990,1989/1990
524,SN90450:0,1990-02-01 00:00:00+00:00,mean(air_temperature P1M),0.1,degC,PT0H,P1M,February,1990,1989/1990
525,SN90450:0,1990-03-01 00:00:00+00:00,mean(air_temperature P1M),-1.6,degC,PT0H,P1M,March,1990,1989/1990
526,SN90450:0,1990-04-01 00:00:00+00:00,mean(air_temperature P1M),1.9,degC,PT0H,P1M,April,1990,1989/1990
527,SN90450:0,1990-05-01 00:00:00+00:00,mean(air_temperature P1M),3.3,degC,PT0H,P1M,May,1990,1989/1990
528,SN90450:0,1990-10-01 00:00:00+00:00,mean(air_temperature P1M),4.3,degC,PT0H,P1M,October,1990,1990/1991
529,SN90450:0,1990-11-01 00:00:00+00:00,mean(air_temperature P1M),-2.0,degC,PT0H,P1M,November,1990,1990/1991
530,SN90450:0,1990-12-01 00:00:00+00:00,mean(air_temperature P1M),0.6,degC,PT0H,P1M,December,1990,1990/1991
531,SN90450:0,1991-01-01 00:00:00+00:00,mean(air_temperature P1M),-2.1,degC,PT0H,P1M,January,1991,1990/1991
532,SN90450:0,1991-02-01 00:00:00+00:00,mean(air_temperature P1M),-2.7,degC,PT0H,P1M,February,1991,1990/1991
533,SN90450:0,1991-03-01 00:00:00+00:00,mean(air_temperature P1M),-2.4,degC,PT0H,P1M,March,1991,1990/1991
534,SN90450:0,1991-04-01 00:00:00+00:00,mean(air_temperature P1M),1.5,degC,PT0H,P1M,April,1991,1990/1991
535,SN90450:0,1991-05-01 00:00:00+00:00,mean(air_temperature P1M),3.9,degC,PT0H,P1M,May,1991,1990/1991
536,SN90450:0,1991-10-01 00:00:00+00:00,mean(air_temperature P1M),3.5,degC,PT0H,P1M,October,1991,1991/1992
537,SN90450:0,1991-11-01 00:00:00+00:00,mean(air_temperature P1M),0.1,degC,PT0H,P1M,November,1991,1991/1992
538,SN90450:0,1991-12-01 00:00:00+00:00,mean(air_temperature P1M),-0.4,degC,PT0H,P1M,December,1991,1991/1992
539,SN90450:0,1992-01-01 00:00:00+00:00,mean(air_temperature P1M),-1.2,degC,PT0H,P1M,January,1992,1991/1992
540,SN90450:0,1992-02-01 00:00:00+00:00,mean(air_temperature P1M),-1.0,degC,PT0H,P1M,February,1992,1991/1992
541,SN90450:0,1992-03-01 00:00:00+00:00,mean(air_temperature P1M),-0.2,degC,PT0H,P1M,March,1992,1991/1992
542,SN90450:0,1992-04-01 00:00:00+00:00,mean(air_temperature P1M),-0.3,degC,PT0H,P1M,April,1992,1991/1992
543,SN90450:0,1992-05-01 00:00:00+00:00,mean(air_temperature P1M),5.2,degC,PT0H,P1M,May,1992,1991/1992
544,SN90450:0,1992-10-01 00:00:00+00:00,mean(air_temperature P1M),-1.5,degC,PT0H,P1M,October,1992,1992/1993
545,SN90450:0,1992-11-01 00:00:00+00:00,mean(air_temperature P1M),-2.5,degC,PT0H,P1M,November,1992,1992/1993
546,SN90450:0,1992-12-01 00:00:00+00:00,mean(air_temperature P1M),-0.4,degC,PT0H,P1M,December,1992,1992/1993
547,SN90450:0,1993-01-01 00:00:00+00:00,mean(air_temperature P1M),-1.4,degC,PT0H,P1M,January,1993,1992/1993
548,SN90450:0,1993-02-01 00:00:00+00:00,mean(air_temperature P1M),-1.8,degC,PT0H,P1M,February,1993,1992/1993
549,SN90450:0,1993-03-01 00:00:00+00:00,mean(air_temperature P1M),-1.9,degC,PT0H,P1M,March,1993,1992/1993
550,SN90450:0,1993-04-01 00:00:00+00:00,mean(air_temperature P1M),-0.1,degC,PT0H,P1M,April,1993,1992/1993
551,SN90450:0,1993-05-01 00:00:00+00:00,mean(air_temperature P1M),4.1,degC,PT0H,P1M,May,1993,1992/1993
552,SN90450:0,1993-10-01 00:00:00+00:00,mean(air_temperature P1M),0.3,degC,PT0H,P1M,October,1993,1993/1994
553,SN90450:0,1993-11-01 00:00:00+00:00,mean(air_temperature P1M),2.0,degC,PT0H,P1M,November,1993,1993/1994
554,SN90450:0,1993-12-01 00:00:00+00:00,mean(air_temperature P1M),-3.9,degC,PT0H,P1M,December,1993,1993/1994
555,SN90450:0,1994-01-01 00:00:00+00:00,mean(air_temperature P1M),-6.3,degC,PT0H,P1M,January,1994,1993/1994
556,SN90450:0,1994-02-01 00:00:00+00:00,mean(air_temperature P1M),-3.6,degC,PT0H,P1M,February,1994,1993/1994
557,SN90450:0,1994-03-01 00:00:00+00:00,mean(air_temperature P1M),-1.8,degC,PT0H,P1M,March,1994,1993/1994
558,SN90450:0,1994-04-01 00:00:00+00:00,mean(air_temperature P1M),2.1,degC,PT0H,P1M,April,1994,1993/1994
559,SN90450:0,1994-05-01 00:00:00+00:00,mean(air_temperature P1M),3.9,degC,PT0H,P1M,May,1994,1993/1994
560,SN90450:0,1994-10-01 00:00:00+00:00,mean(air_temperature P1M),1.8,degC,PT0H,P1M,October,1994,1994/1995
561,SN90450:0,1994-11-01 00:00:00+00:00,mean(air_temperature P1M),-0.6,degC,PT0H,P1M,November,1994,1994/1995
562,SN90450:0,1994-12-01 00:00:00+00:00,mean(air_temperature P1M),0.1,degC,PT0H,P1M,December,1994,1994/1995
563,SN90450:0,1995-01-01 00:00:00+00:00,mean(air_temperature P1M),-2.3,degC,PT0H,P1M,January,1995,1994/1995
564,SN90450:0,1995-02-01 00:00:00+00:00,mean(air_temperature P1M),-3.5,degC,PT0H,P1M,February,1995,1994/1995
565,SN90450:0,1995-03-01 00:00:00+00:00,mean(air_temperature P1M),-1.1,degC,PT0H,P1M,March,1995,1994/1995
566,SN90450:0,1995-04-01 00:00:00+00:00,mean(air_temperature P1M),0.0,degC,PT0H,P1M,April,1995,1994/1995
567,SN90450:0,1995-05-01 00:00:00+00:00,mean(air_temperature P1M),4.6,degC,PT0H,P1M,May,1995,1994/1995
568,SN90450:0,1995-10-01 00:00:00+00:00,mean(air_temperature P1M),1.6,degC,PT0H,P1M,October,1995,1995/1996
569,SN90450:0,1995-11-01 00:00:00+00:00,mean(air_temperature P1M),-2.5,degC,PT0H,P1M,November,1995,1995/1996
570,SN90450:0,1995-12-01 00:00:00+00:00,mean(air_temperature P1M),-4.4,degC,PT0H,P1M,December,1995,1995/1996
571,SN90450:0,1996-01-01 00:00:00+00:00,mean(air_temperature P1M),-0.8,degC,PT0H,P1M,January,1996,1995/1996
572,SN90450:0,1996-02-01 00:00:00+00:00,mean(air_temperature P1M),-6.0,degC,PT0H,P1M,February,1996,1995/1996
573,SN90450:0,1996-03-01 00:00:00+00:00,mean(air_temperature P1M),-1.2,degC,PT0H,P1M,March,1996,1995/1996
574,SN90450:0,1996-04-01 00:00:00+00:00,mean(air_temperature P1M),-0.8,degC,PT0H,P1M,April,1996,1995/1996
575,SN90450:0,1996-05-01 00:00:00+00:00,mean(air_temperature P1M),2.5,degC,PT0H,P1M,May,1996,1995/1996
576,SN90450:0,1996-10-01 00:00:00+00:00,mean(air_temperature P1M),3.6,degC,PT0H,P1M,October,1996,1996/1997
577,SN90450:0,1996-11-01 00:00:00+00:00,mean(air_temperature P1M),-0.9,degC,PT0H,P1M,November,1996,1996/1997
578,SN90450:0,1996-12-01 00:00:00+00:00,mean(air_temperature P1M),-4.4,degC,PT0H,P1M,December,1996,1996/1997
579,SN90450:0,1997-01-01 00:00:00+00:00,mean(air_temperature P1M),-3.9,degC,PT0H,P1M,January,1997,1996/1997
580,SN90450:0,1997-02-01 00:00:00+00:00,mean(air_temperature P1M),-4.2,degC,PT0H,P1M,February,1997,1996/1997
581,SN90450:0,1997-03-01 00:00:00+00:00,mean(air_temperature P1M),-3.0,degC,PT0H,P1M,March,1997,1996/1997
582,SN90450:0,1997-04-01 00:00:00+00:00,mean(air_temperature P1M),-2.5,degC,PT0H,P1M,April,1997,1996/1997
583,SN90450:0,1997-05-01 00:00:00+00:00,mean(air_temperature P1M),3.0,degC,PT0H,P1M,May,1997,1996/1997
584,SN90450:0,1997-10-01 00:00:00+00:00,mean(air_temperature P1M),2.1,degC,PT0H,P1M,October,1997,1997/1998
585,SN90450:0,1997-11-01 00:00:00+00:00,mean(air_temperature P1M),-1.5,degC,PT0H,P1M,November,1997,1997/1998
586,SN90450:0,1997-12-01 00:00:00+00:00,mean(air_temperature P1M),-1.0,degC,PT0H,P1M,December,1997,1997/1998
587,SN90450:0,1998-01-01 00:00:00+00:00,mean(air_temperature P1M),-4.3,degC,PT0H,P1M,January,1998,1997/1998
588,SN90450:0,1998-02-01 00:00:00+00:00,mean(air_temperature P1M),-5.7,degC,PT0H,P1M,February,1998,1997/1998
589,SN90450:0,1998-03-01 00:00:00+00:00,mean(air_temperature P1M),-3.4,degC,PT0H,P1M,March,1998,1997/1998
590,SN90450:0,1998-04-01 00:00:00+00:00,mean(air_temperature P1M),-0.4,degC,PT0H,P1M,April,1998,1997/1998
591,SN90450:0,1998-05-01 00:00:00+00:00,mean(air_temperature P1M),3.4,degC,PT0H,P1M,May,1998,1997/1998
592,SN90450:0,1998-10-01 00:00:00+00:00,mean(air_temperature P1M),2.6,degC,PT0H,P1M,October,1998,1998/1999
593,SN90450:0,1998-11-01 00:00:00+00:00,mean(air_temperature P1M),-2.0,degC,PT0H,P1M,November,1998,1998/1999
594,SN90450:0,1998-12-01 00:00:00+00:00,mean(air_temperature P1M),-2.0,degC,PT0H,P1M,December,1998,1998/1999
595,SN90450:0,1999-01-01 00:00:00+00:00,mean(air_temperature P1M),-3.9,degC,PT0H,P1M,January,1999,1998/1999
596,SN90450:0,1999-02-01 00:00:00+00:00,mean(air_temperature P1M),-4.5,degC,PT0H,P1M,February,1999,1998/1999
597,SN90450:0,1999-03-01 00:00:00+00:00,mean(air_temperature P1M),-2.3,degC,PT0H,P1M,March,1999,1998/1999
598,SN90450:0,1999-04-01 00:00:00+00:00,mean(air_temperature P1M),0.3,degC,PT0H,P1M,April,1999,1998/1999
599,SN90450:0,1999-05-01 00:00:00+00:00,mean(air_temperature P1M),4.7,degC,PT0H,P1M,May,1999,1998/1999
600,SN90450:0,1999-10-01 00:00:00+00:00,mean(air_temperature P1M),3.7,degC,PT0H,P1M,October,1999,1999/2000
601,SN90450:0,1999-11-01 00:00:00+00:00,mean(air_temperature P1M),2.4,degC,PT0H,P1M,November,1999,1999/2000
602,SN90450:0,1999-12-01 00:00:00+00:00,mean(air_temperature P1M),-4.4,degC,PT0H,P1M,December,1999,1999/2000
603,SN90450:0,2000-01-01 00:00:00+00:00,mean(air_temperature P1M),-2.4,degC,PT0H,P1M,January,2000,1999/2000
604,SN90450:0,2000-02-01 00:00:00+00:00,mean(air_temperature P1M),-3.3,degC,PT0H,P1M,February,2000,1999/2000
605,SN90450:0,2000-03-01 00:00:00+00:00,mean(air_temperature P1M),-3.1,degC,PT0H,P1M,March,2000,1999/2000
606,SN90450:0,2000-04-01 00:00:00+00:00,mean(air_temperature P1M),-0.8,degC,PT0H,P1M,April,2000,1999/2000
607,SN90450:0,2000-05-01 00:00:00+00:00,mean(air_temperature P1M),5.0,degC,PT0H,P1M,May,2000,1999/2000
608,SN90450:0,2000-10-01 00:00:00+00:00,mean(air_temperature P1M),6.3,degC,PT0H,P1M,October,2000,2000/2001
609,SN90450:0,2000-11-01 00:00:00+00:00,mean(air_temperature P1M),0.8,degC,PT0H,P1M,November,2000,2000/2001
610,SN90450:0,2000-12-01 00:00:00+00:00,mean(air_temperature P1M),-2.8,degC,PT0H,P1M,December,2000,2000/2001
611,SN90450:0,2001-01-01 00:00:00+00:00,mean(air_temperature P1M),-1.7,degC,PT0H,P1M,January,2001,2000/2001
612,SN90450:0,2001-02-01 00:00:00+00:00,mean(air_temperature P1M),-5.9,degC,PT0H,P1M,February,2001,2000/2001
613,SN90450:0,2001-03-01 00:00:00+00:00,mean(air_temperature P1M),-5.2,degC,PT0H,P1M,March,2001,2000/2001
614,SN90450:0,2001-04-01 00:00:00+00:00,mean(air_temperature P1M),-0.2,degC,PT0H,P1M,April,2001,2000/2001
615,SN90450:0,2001-05-01 00:00:00+00:00,mean(air_temperature P1M),4.1,degC,PT0H,P1M,May,2001,2000/2001
616,SN90450:0,2001-10-01 00:00:00+00:00,mean(air_temperature P1M),2.7,degC,PT0H,P1M,October,2001,2001/2002
617,SN90450:0,2001-11-01 00:00:00+00:00,mean(air_temperature P1M),-0.7,degC,PT0H,P1M,November,2001,2001/2002
618,SN90450:0,2001-12-01 00:00:00+00:00,mean(air_temperature P1M),-2.8,degC,PT0H,P1M,December,2001,2001/2002
619,SN90450:0,2002-01-01 00:00:00+00:00,mean(air_temperature P1M),-3.4,degC,PT0H,P1M,January,2002,2001/2002
620,SN90450:0,2002-02-01 00:00:00+00:00,mean(air_temperature P1M),-3.6,degC,PT0H,P1M,February,2002,2001/2002
621,SN90450:0,2002-03-01 00:00:00+00:00,mean(air_temperature P1M),-2.1,degC,PT0H,P1M,March,2002,2001/2002
622,SN90450:0,2002-04-01 00:00:00+00:00,mean(air_temperature P1M),3.3,degC,PT0H,P1M,April,2002,2001/2002
623,SN90450:0,2002-05-01 00:00:00+00:00,mean(air_temperature P1M),7.3,degC,PT0H,P1M,May,2002,2001/2002
624,SN90450:0,2002-10-01 00:00:00+00:00,mean(air_temperature P1M),0.4,degC,PT0H,P1M,October,2002,2002/2003
625,SN90450:0,2002-11-01 00:00:00+00:00,mean(air_temperature P1M),-2.9,degC,PT0H,P1M,November,2002,2002/2003
626,SN90450:0,2002-12-01 00:00:00+00:00,mean(air_temperature P1M),-4.1,degC,PT0H,P1M,December,2002,2002/2003
627,SN90450:0,2003-01-01 00:00:00+00:00,mean(air_temperature P1M),-7.1,degC,PT0H,P1M,January,2003,2002/2003
628,SN90450:0,2003-02-01 00:00:00+00:00,mean(air_temperature P1M),0.3,degC,PT0H,P1M,February,2003,2002/2003
629,SN90450:0,2003-03-01 00:00:00+00:00,mean(air_temperature P1M),-0.6,degC,PT0H,P1M,March,2003,2002/2003
630,SN90450:0,2003-04-01 00:00:00+00:00,mean(air_temperature P1M),1.7,degC,PT0H,P1M,April,2003,2002/2003
631,SN90450:0,2003-05-01 00:00:00+00:00,mean(air_temperature P1M),6.5,degC,PT0H,P1M,May,2003,2002/2003
632,SN90450:0,2003-10-01 00:00:00+00:00,mean(air_temperature P1M),2.2,degC,PT0H,P1M,October,2003,2003/2004
633,SN90450:0,2003-11-01 00:00:00+00:00,mean(air_temperature P1M),2.4,degC,PT0H,P1M,November,2003,2003/2004
634,SN90450:0,2003-12-01 00:00:00+00:00,mean(air_temperature P1M),-3.0,degC,PT0H,P1M,December,2003,2003/2004
635,SN90450:0,2004-01-01 00:00:00+00:00,mean(air_temperature P1M),-4.1,degC,PT0H,P1M,January,2004,2003/2004
636,SN90450:0,2004-02-01 00:00:00+00:00,mean(air_temperature P1M),-3.4,degC,PT0H,P1M,February,2004,2003/2004
637,SN90450:0,2004-03-01 00:00:00+00:00,mean(air_temperature P1M),-0.3,degC,PT0H,P1M,March,2004,2003/2004
638,SN90450:0,2004-04-01 00:00:00+00:00,mean(air_temperature P1M),3.6,degC,PT0H,P1M,April,2004,2003/2004
639,SN90450:0,2004-05-01 00:00:00+00:00,mean(air_temperature P1M),6.2,degC,PT0H,P1M,May,2004,2003/2004
640,SN90450:0,2004-10-01 00:00:00+00:00,mean(air_temperature P1M),3.1,degC,PT0H,P1M,October,2004,2004/2005
641,SN90450:0,2004-11-01 00:00:00+00:00,mean(air_temperature P1M),-0.4,degC,PT0H,P1M,November,2004,2004/2005
642,SN90450:0,2004-12-01 00:00:00+00:00,mean(air_temperature P1M),-0.2,degC,PT0H,P1M,December,2004,2004/2005
643,SN90450:0,2005-01-01 00:00:00+00:00,mean(air_temperature P1M),-1.5,degC,PT0H,P1M,January,2005,2004/2005
644,SN90450:0,2005-02-01 00:00:00+00:00,mean(air_temperature P1M),-1.6,degC,PT0H,P1M,February,2005,2004/2005
645,SN90450:0,2005-03-01 00:00:00+00:00,mean(air_temperature P1M),-2.4,degC,PT0H,P1M,March,2005,2004/2005
646,SN90450:0,2005-04-01 00:00:00+00:00,mean(air_temperature P1M),2.6,degC,PT0H,P1M,April,2005,2004/2005
647,SN90450:0,2005-05-01 00:00:00+00:00,mean(air_temperature P1M),4.6,degC,PT0H,P1M,May,2005,2004/2005
648,SN90450:0,2005-10-01 00:00:00+00:00,mean(air_temperature P1M),5.0,degC,PT0H,P1M,October,2005,2005/2006
649,SN90450:0,2005-11-01 00:00:00+00:00,mean(air_temperature P1M),1.4,degC,PT0H,P1M,November,2005,2005/2006
650,SN90450:0,2005-12-01 00:00:00+00:00,mean(air_temperature P1M),-2.3,degC,PT0H,P1M,December,2005,2005/2006
651,SN90450:0,2006-01-01 00:00:00+00:00,mean(air_temperature P1M),0.0,degC,PT0H,P1M,January,2006,2005/2006
652,SN90450:0,2006-02-01 00:00:00+00:00,mean(air_temperature P1M),-2.7,degC,PT0H,P1M,February,2006,2005/2006
653,SN90450:0,2006-03-01 00:00:00+00:00,mean(air_temperature P1M),-4.2,degC,PT0H,P1M,March,2006,2005/2006
654,SN90450:0,2006-04-01 00:00:00+00:00,mean(air_temperature P1M),2.9,degC,PT0H,P1M,April,2006,2005/2006
655,SN90450:0,2006-05-01 00:00:00+00:00,mean(air_temperature P1M),7.4,degC,PT0H,P1M,May,2006,2005/2006
656,SN90450:0,2006-10-01 00:00:00+00:00,mean(air_temperature P1M),1.7,degC,PT0H,P1M,October,2006,2006/2007
657,SN90450:0,2006-11-01 00:00:00+00:00,mean(air_temperature P1M),1.1,degC,PT0H,P1M,November,2006,2006/2007
658,SN90450:0,2006-12-01 00:00:00+00:00,mean(air_temperature P1M),0.7,degC,PT0H,P1M,December,2006,2006/2007
659,SN90450:0,2007-01-01 00:00:00+00:00,mean(air_temperature P1M),-3.2,degC,PT0H,P1M,January,2007,2006/2007
660,SN90450:0,2007-02-01 00:00:00+00:00,mean(air_temperature P1M),-6.6,degC,PT0H,P1M,February,2007,2006/2007
661,SN90450:0,2007-03-01 00:00:00+00:00,mean(air_temperature P1M),0.9,degC,PT0H,P1M,March,2007,2006/2007
662,SN90450:0,2007-04-01 00:00:00+00:00,mean(air_temperature P1M),1.0,degC,PT0H,P1M,April,2007,2006/2007
663,SN90450:0,2007-05-01 00:00:00+00:00,mean(air_temperature P1M),5.7,degC,PT0H,P1M,May,2007,2006/2007
664,SN90450:0,2007-10-01 00:00:00+00:00,mean(air_temperature P1M),6.1,degC,PT0H,P1M,October,2007,2007/2008
665,SN90450:0,2007-11-01 00:00:00+00:00,mean(air_temperature P1M),0.2,degC,PT0H,P1M,November,2007,2007/2008
666,SN90450:0,2007-12-01 00:00:00+00:00,mean(air_temperature P1M),1.3,degC,PT0H,P1M,December,2007,2007/2008
667,SN90450:0,2008-01-01 00:00:00+00:00,mean(air_temperature P1M),-1.7,degC,PT0H,P1M,January,2008,2007/2008
668,SN90450:0,2008-02-01 00:00:00+00:00,mean(air_temperature P1M),-1.5,degC,PT0H,P1M,February,2008,2007/2008
669,SN90450:0,2008-03-01 00:00:00+00:00,mean(air_temperature P1M),-3.1,degC,PT0H,P1M,March,2008,2007/2008
670,SN90450:0,2008-04-01 00:00:00+00:00,mean(air_temperature P1M),0.0,degC,PT0H,P1M,April,2008,2007/2008
671,SN90450:0,2008-05-01 00:00:00+00:00,mean(air_temperature P1M),4.4,degC,PT0H,P1M,May,2008,2007/2008
672,SN90450:0,2008-10-01 00:00:00+00:00,mean(air_temperature P1M),3.9,degC,PT0H,P1M,October,2008,2008/2009
673,SN90450:0,2008-11-01 00:00:00+00:00,mean(air_temperature P1M),-0.6,degC,PT0H,P1M,November,2008,2008/2009
674,SN90450:0,2008-12-01 00:00:00+00:00,mean(air_temperature P1M),-0.2,degC,PT0H,P1M,December,2008,2008/2009
675,SN90450:0,2009-01-01 00:00:00+00:00,mean(air_temperature P1M),-2.8,degC,PT0H,P1M,January,2009,2008/2009
676,SN90450:0,2009-02-01 00:00:00+00:00,mean(air_temperature P1M),-4.4,degC,PT0H,P1M,February,2009,2008/2009
677,SN90450:0,2009-03-01 00:00:00+00:00,mean(air_temperature P1M),-1.9,degC,PT0H,P1M,March,2009,2008/2009
678,SN90450:0,2009-04-01 00:00:00+00:00,mean(air_temperature P1M),0.6,degC,PT0H,P1M,April,2009,2008/2009
679,SN90450:0,2009-05-01 00:00:00+00:00,mean(air_temperature P1M),7.1,degC,PT0H,P1M,May,2009,2008/2009
680,SN90450:0,2009-10-01 00:00:00+00:00,mean(air_temperature P1M),1.8,degC,PT0H,P1M,October,2009,2009/2010
681,SN90450:0,2009-11-01 00:00:00+00:00,mean(air_temperature P1M),0.9,degC,PT0H,P1M,November,2009,2009/2010
682,SN90450:0,2009-12-01 00:00:00+00:00,mean(air_temperature P1M),-4.4,degC,PT0H,P1M,December,2009,2009/2010
683,SN90450:0,2010-01-01 00:00:00+00:00,mean(air_temperature P1M),-3.3,degC,PT0H,P1M,January,2010,2009/2010
684,SN90450:0,2010-02-01 00:00:00+00:00,mean(air_temperature P1M),-7.3,degC,PT0H,P1M,February,2010,2009/2010
685,SN90450:0,2010-03-01 00:00:00+00:00,mean(air_temperature P1M),-4.2,degC,PT0H,P1M,March,2010,2009/2010
686,SN90450:0,2010-04-01 00:00:00+00:00,mean(air_temperature P1M),1.6,degC,PT0H,P1M,April,2010,2009/2010
687,SN90450:0,2010-05-01 00:00:00+00:00,mean(air_temperature P1M),7.3,degC,PT0H,P1M,May,2010,2009/2010
688,SN90450:0,2010-10-01 00:00:00+00:00,mean(air_temperature P1M),3.3,degC,PT0H,P1M,October,2010,2010/2011
689,SN90450:0,2010-11-01 00:00:00+00:00,mean(air_temperature P1M),-2.5,degC,PT0H,P1M,November,2010,2010/2011
690,SN90450:0,2010-12-01 00:00:00+00:00,mean(air_temperature P1M),-3.2,degC,PT0H,P1M,December,2010,2010/2011
691,SN90450:0,2011-01-01 00:00:00+00:00,mean(air_temperature P1M),-3.7,degC,PT0H,P1M,January,2011,2010/2011
692,SN90450:0,2011-02-01 00:00:00+00:00,mean(air_temperature P1M),-4.4,degC,PT0H,P1M,February,2011,2010/2011
693,SN90450:0,2011-03-01 00:00:00+00:00,mean(air_temperature P1M),-1.5,degC,PT0H,P1M,March,2011,2010/2011
694,SN90450:0,2011-04-01 00:00:00+00:00,mean(air_temperature P1M),3.1,degC,PT0H,P1M,April,2011,2010/2011
695,SN90450:0,2011-05-01 00:00:00+00:00,mean(air_temperature P1M),6.7,degC,PT0H,P1M,May,2011,2010/2011
696,SN90450:0,2011-10-01 00:00:00+00:00,mean(air_temperature P1M),5.7,degC,PT0H,P1M,October,2011,2011/2012
697,SN90450:0,2011-11-01 00:00:00+00:00,mean(air_temperature P1M),3.7,degC,PT0H,P1M,November,2011,2011/2012
698,SN90450:0,2011-12-01 00:00:00+00:00,mean(air_temperature P1M),-0.6,degC,PT0H,P1M,December,2011,2011/2012
699,SN90450:0,2012-01-01 00:00:00+00:00,mean(air_temperature P1M),-3.4,degC,PT0H,P1M,January,2012,2011/2012
700,SN90450:0,2012-02-01 00:00:00+00:00,mean(air_temperature P1M),-3.0,degC,PT0H,P1M,February,2012,2011/2012
701,SN90450:0,2012-03-01 00:00:00+00:00,mean(air_temperature P1M),-0.3,degC,PT0H,P1M,March,2012,2011/2012
702,SN90450:0,2012-04-01 00:00:00+00:00,mean(air_temperature P1M),0.1,degC,PT0H,P1M,April,2012,2011/2012
703,SN90450:0,2012-05-01 00:00:00+00:00,mean(air_temperature P1M),4.2,degC,PT0H,P1M,May,2012,2011/2012
704,SN90450:0,2012-10-01 00:00:00+00:00,mean(air_temperature P1M),2.6,degC,PT0H,P1M,October,2012,2012/2013
705,SN90450:0,2012-11-01 00:00:00+00:00,mean(air_temperature P1M),0.8,degC,PT0H,P1M,November,2012,2012/2013
706,SN90450:0,2012-12-01 00:00:00+00:00,mean(air_temperature P1M),-3.9,degC,PT0H,P1M,December,2012,2012/2013
707,SN90450:0,2013-01-01 00:00:00+00:00,mean(air_temperature P1M),-2.1,degC,PT0H,P1M,January,2013,2012/2013
708,SN90450:0,2013-02-01 00:00:00+00:00,mean(air_temperature P1M),-3.1,degC,PT0H,P1M,February,2013,2012/2013
709,SN90450:0,2013-03-01 00:00:00+00:00,mean(air_temperature P1M),-4.5,degC,PT0H,P1M,March,2013,2012/2013
710,SN90450:0,2013-04-01 00:00:00+00:00,mean(air_temperature P1M),1.2,degC,PT0H,P1M,April,2013,2012/2013
711,SN90450:0,2013-05-01 00:00:00+00:00,mean(air_temperature P1M),9.1,degC,PT0H,P1M,May,2013,2012/2013
712,SN90450:0,2013-10-01 00:00:00+00:00,mean(air_temperature P1M),2.7,degC,PT0H,P1M,October,2013,2013/2014
713,SN90450:0,2013-11-01 00:00:00+00:00,mean(air_temperature P1M),-0.5,degC,PT0H,P1M,November,2013,2013/2014
714,SN90450:0,2013-12-01 00:00:00+00:00,mean(air_temperature P1M),-0.7,degC,PT0H,P1M,December,2013,2013/2014
715,SN90450:0,2014-01-01 00:00:00+00:00,mean(air_temperature P1M),-5.6,degC,PT0H,P1M,January,2014,2013/2014
716,SN90450:0,2014-02-01 00:00:00+00:00,mean(air_temperature P1M),-0.1,degC,PT0H,P1M,February,2014,2013/2014
717,SN90450:0,2014-03-01 00:00:00+00:00,mean(air_temperature P1M),-0.6,degC,PT0H,P1M,March,2014,2013/2014
718,SN90450:0,2014-04-01 00:00:00+00:00,mean(air_temperature P1M),1.1,degC,PT0H,P1M,April,2014,2013/2014
719,SN90450:0,2014-05-01 00:00:00+00:00,mean(air_temperature P1M),4.5,degC,PT0H,P1M,May,2014,2013/2014
720,SN90450:0,2014-10-01 00:00:00+00:00,mean(air_temperature P1M),3.5,degC,PT0H,P1M,October,2014,2014/2015
721,SN90450:0,2014-11-01 00:00:00+00:00,mean(air_temperature P1M),0.4,degC,PT0H,P1M,November,2014,2014/2015
722,SN90450:0,2014-12-01 00:00:00+00:00,mean(air_temperature P1M),-1.9,degC,PT0H,P1M,December,2014,2014/2015
723,SN90450:0,2015-01-01 00:00:00+00:00,mean(air_temperature P1M),-3.8,degC,PT0H,P1M,January,2015,2014/2015
724,SN90450:0,2015-02-01 00:00:00+00:00,mean(air_temperature P1M),-1.8,degC,PT0H,P1M,February,2015,2014/2015
725,SN90450:0,2015-03-01 00:00:00+00:00,mean(air_temperature P1M),1.1,degC,PT0H,P1M,March,2015,2014/2015
726,SN90450:0,2015-04-01 00:00:00+00:00,mean(air_temperature P1M),2.1,degC,PT0H,P1M,April,2015,2014/2015
727,SN90450:0,2015-05-01 00:00:00+00:00,mean(air_temperature P1M),5.9,degC,PT0H,P1M,May,2015,2014/2015
728,SN90450:0,2015-10-01 00:00:00+00:00,mean(air_temperature P1M),4.2,degC,PT0H,P1M,October,2015,2015/2016
729,SN90450:0,2015-11-01 00:00:00+00:00,mean(air_temperature P1M),1.6,degC,PT0H,P1M,November,2015,2015/2016
730,SN90450:0,2015-12-01 00:00:00+00:00,mean(air_temperature P1M),-0.4,degC,PT0H,P1M,December,2015,2015/2016
731,SN90450:0,2016-01-01 00:00:00+00:00,mean(air_temperature P1M),-4.8,degC,PT0H,P1M,January,2016,2015/2016
732,SN90450:0,2016-02-01 00:00:00+00:00,mean(air_temperature P1M),-2.2,degC,PT0H,P1M,February,2016,2015/2016
733,SN90450:0,2016-03-01 00:00:00+00:00,mean(air_temperature P1M),-0.1,degC,PT0H,P1M,March,2016,2015/2016
734,SN90450:0,2016-04-01 00:00:00+00:00,mean(air_temperature P1M),2.9,degC,PT0H,P1M,April,2016,2015/2016
735,SN90450:0,2016-05-01 00:00:00+00:00,mean(air_temperature P1M),7.7,degC,PT0H,P1M,May,2016,2015/2016
736,SN90450:0,2016-10-01 00:00:00+00:00,mean(air_temperature P1M),4.5,degC,PT0H,P1M,October,2016,2016/2017
737,SN90450:0,2016-11-01 00:00:00+00:00,mean(air_temperature P1M),0.1,degC,PT0H,P1M,November,2016,2016/2017
738,SN90450:0,2016-12-01 00:00:00+00:00,mean(air_temperature P1M),0.5,degC,PT0H,P1M,December,2016,2016/2017
739,SN90450:0,2017-01-01 00:00:00+00:00,mean(air_temperature P1M),-1.5,degC,PT0H,P1M,January,2017,2016/2017
740,SN90450:0,2017-02-01 00:00:00+00:00,mean(air_temperature P1M),-2.9,degC,PT0H,P1M,February,2017,2016/2017
741,SN90450:0,2017-03-01 00:00:00+00:00,mean(air_temperature P1M),-1.6,degC,PT0H,P1M,March,2017,2016/2017
742,SN90450:0,2017-04-01 00:00:00+00:00,mean(air_temperature P1M),0.2,degC,PT0H,P1M,April,2017,2016/2017
743,SN90450:0,2017-05-01 00:00:00+00:00,mean(air_temperature P1M),3.2,degC,PT0H,P1M,May,2017,2016/2017
744,SN90450:0,2017-10-01 00:00:00+00:00,mean(air_temperature P1M),4.3,degC,PT0H,P1M,October,2017,2017/2018
745,SN90450:0,2017-11-01 00:00:00+00:00,mean(air_temperature P1M),0.0,degC,PT0H,P1M,November,2017,2017/2018
746,SN90450:0,2017-12-01 00:00:00+00:00,mean(air_temperature P1M),-1.9,degC,PT0H,P1M,December,2017,2017/2018
747,SN90450:0,2018-01-01 00:00:00+00:00,mean(air_temperature P1M),-4.2,degC,PT0H,P1M,January,2018,2017/2018
748,SN90450:0,2018-02-01 00:00:00+00:00,mean(air_temperature P1M),-4.9,degC,PT0H,P1M,February,2018,2017/2018
749,SN90450:0,2018-03-01 00:00:00+00:00,mean(air_temperature P1M),-5.0,degC,PT0H,P1M,March,2018,2017/2018
750,SN90450:0,2018-04-01 00:00:00+00:00,mean(air_temperature P1M),1.8,degC,PT0H,P1M,April,2018,2017/2018
751,SN90450:0,2018-05-01 00:00:00+00:00,mean(air_temperature P1M),8.1,degC,PT0H,P1M,May,2018,2017/2018
752,SN90450:0,2018-10-01 00:00:00+00:00,mean(air_temperature P1M),3.6,degC,PT0H,P1M,October,2018,2018/2019
753,SN90450:0,2018-11-01 00:00:00+00:00,mean(air_temperature P1M),3.5,degC,PT0H,P1M,November,2018,2018/2019
754,SN90450:0,2018-12-01 00:00:00+00:00,mean(air_temperature P1M),-0.6,degC,PT0H,P1M,December,2018,2018/2019
755,SN90450:0,2019-01-01 00:00:00+00:00,mean(air_temperature P1M),-4.6,degC,PT0H,P1M,January,2019,2018/2019
756,SN90450:0,2019-02-01 00:00:00+00:00,mean(air_temperature P1M),-3.4,degC,PT0H,P1M,February,2019,2018/2019
757,SN90450:0,2019-03-01 00:00:00+00:00,mean(air_temperature P1M),-3.0,degC,PT0H,P1M,March,2019,2018/2019
758,SN90450:0,2019-04-01 00:00:00+00:00,mean(air_temperature P1M),2.7,degC,PT0H,P1M,April,2019,2018/2019
759,SN90450:0,2019-05-01 00:00:00+00:00,mean(air_temperature P1M),5.3,degC,PT0H,P1M,May,2019,2018/2019
760,SN90450:0,2019-10-01 00:00:00+00:00,mean(air_temperature P1M),0.6,degC,PT0H,P1M,October,2019,2019/2020
761,SN90450:0,2019-11-01 00:00:00+00:00,mean(air_temperature P1M),-2.1,degC,PT0H,P1M,November,2019,2019/2020
762,SN90450:0,2019-12-01 00:00:00+00:00,mean(air_temperature P1M),-0.8,degC,PT0H,P1M,December,2019,2019/2020
763,SN90450:0,2020-01-01 00:00:00+00:00,mean(air_temperature P1M),-1.5,degC,PT0H,P1M,January,2020,2019/2020
764,SN90450:0,2020-02-01 00:00:00+00:00,mean(air_temperature P1M),-1.7,degC,PT0H,P1M,February,2020,2019/2020
765,SN90450:0,2020-03-01 00:00:00+00:00,mean(air_temperature P1M),-1.8,degC,PT0H,P1M,March,2020,2019/2020
766,SN90450:0,2020-04-01 00:00:00+00:00,mean(air_temperature P1M),0.0,degC,PT0H,P1M,April,2020,2019/2020
767,SN90450:0,2020-05-01 00:00:00+00:00,mean(air_temperature P1M),4.4,degC,PT0H,P1M,May,2020,2019/2020
768,SN90450:0,2020-10-01 00:00:00+00:00,mean(air_temperature P1M),4.2,degC,PT0H,P1M,October,2020,2020/2021
769,SN90450:0,2020-11-01 00:00:00+00:00,mean(air_temperature P1M),3.0,degC,PT0H,P1M,November,2020,2020/2021
770,SN90450:0,2020-12-01 00:00:00+00:00,mean(air_temperature P1M),-0.2,degC,PT0H,P1M,December,2020,2020/2021
771,SN90450:0,2021-01-01 00:00:00+00:00,mean(air_temperature P1M),-3.6,degC,PT0H,P1M,January,2021,2020/2021
772,SN90450:0,2021-02-01 00:00:00+00:00,mean(air_temperature P1M),-3.3,degC,PT0H,P1M,February,2021,2020/2021
773,SN90450:0,2021-03-01 00:00:00+00:00,mean(air_temperature P1M),-1.5,degC,PT0H,P1M,March,2021,2020/2021
774,SN90450:0,2021-04-01 00:00:00+00:00,mean(air_temperature P1M),1.1,degC,PT0H,P1M,April,2021,2020/2021
775,SN90450:0,2021-05-01 00:00:00+00:00,mean(air_temperature P1M),4.6,degC,PT0H,P1M,May,2021,2020/2021
776,SN90450:0,2021-10-01 00:00:00+00:00,mean(air_temperature P1M),3.4,degC,PT0H,P1M,October,2021,2021/2022
777,SN90450:0,2021-11-01 00:00:00+00:00,mean(air_temperature P1M),-0.1,degC,PT0H,P1M,November,2021,2021/2022
778,SN90450:0,2021-12-01 00:00:00+00:00,mean(air_temperature P1M),-4.4,degC,PT0H,P1M,December,2021,2021/2022
779,SN90450:0,2022-01-01 00:00:00+00:00,mean(air_temperature P1M),-2.8,degC,PT0H,P1M,January,2022,2021/2022
780,SN90450:0,2022-02-01 00:00:00+00:00,mean(air_temperature P1M),-4.2,degC,PT0H,P1M,February,2022,2021/2022
781,SN90450:0,2022-03-01 00:00:00+00:00,mean(air_temperature P1M),0.9,degC,PT0H,P1M,March,2022,2021/2022
782,SN90450:0,2022-04-01 00:00:00+00:00,mean(air_temperature P1M),1.0,degC,PT0H,P1M,April,2022,2021/2022
783,SN90450:0,2022-05-01 00:00:00+00:00,mean(air_temperature P1M),6.2,degC,PT0H,P1M,May,2022,2021/2022
784,SN90450:0,2022-10-01 00:00:00+00:00,mean(air_temperature P1M),4.0,degC,PT0H,P1M,October,2022,2022/2023
785,SN90450:0,2022-11-01 00:00:00+00:00,mean(air_temperature P1M),0.6,degC,PT0H,P1M,November,2022,2022/2023
786,SN90450:0,2022-12-01 00:00:00+00:00,mean(air_temperature P1M),-2.5,degC,PT0H,P1M,December,2022,2022/2023
787,SN90450:0,2023-01-01 00:00:00+00:00,mean(air_temperature P1M),-1.5,degC,PT0H,P1M,January,2023,2022/2023
788,SN90450:0,2023-02-01 00:00:00+00:00,mean(air_temperature P1M),-0.5,degC,PT0H,P1M,February,2023,2022/2023
789,SN90450:0,2023-03-01 00:00:00+00:00,mean(air_temperature P1M),-4.5,degC,PT0H,P1M,March,2023,2022/2023
790,SN90450:0,2023-04-01 00:00:00+00:00,mean(air_temperature P1M),2.6,degC,PT0H,P1M,April,2023,2022/2023
791,SN90450:0,2023-05-01 00:00:00+00:00,mean(air_temperature P1M),5.6,degC,PT0H,P1M,May,2023,2022/2023
792,SN90450:0,2023-10-01 00:00:00+00:00,mean(air_temperature P1M),0.9,degC,PT0H,P1M,October,2023,2023/2024
793,SN90450:0,2023-11-01 00:00:00+00:00,mean(air_temperature P1M),-2.4,degC,PT0H,P1M,November,2023,2023/2024
794,SN90450:0,2023-12-01 00:00:00+00:00,mean(air_temperature P1M),-3.7,degC,PT0H,P1M,December,2023,2023/2024
795,SN90450:0,2024-01-01 00:00:00+00:00,mean(air_temperature P1M),-4.0,degC,PT0H,P1M,January,2024,2023/2024
796,SN90450:0,2024-02-01 00:00:00+00:00,mean(air_temperature P1M),-2.5,degC,PT0H,P1M,February,2024,2023/2024
797,SN90450:0,2024-03-01 00:00:00+00:00,mean(air_temperature P1M),-0.4,degC,PT0H,P1M,March,2024,2023/2024
798,SN90450:0,2024-04-01 00:00:00+00:00,mean(air_temperature P1M),0.4,degC,PT0H,P1M,April,2024,2023/2024
799,SN90450:0,2024-05-01 00:00:00+00:00,mean(air_temperature P1M),7.1,degC,PT0H,P1M,May,2024,2023/2024
